<?xml version="1.0" encoding="UTF-8"?>
<kml xmlns="http://www.opengis.net/kml/2.2" xmlns:gx="http://www.google.com/kml/ext/2.2" xmlns:xsi="http://www.w3.org/2001/XMLSchema-instance"
 xsi:schemaLocation="http://www.opengis.net/kml/2.2 http://schemas.opengis.net/kml/2.2.0/ogckml22.xsd http://www.google.com/kml/ext/2.2 http://code.google.com/apis/kml/schema/kml22gx.xsd">
<Document id="Document">
  <name>Document</name>
  <snippet></snippet>
  <Style id="PolyStyle00">
    <LabelStyle>
      <color>00000000</color>
      <scale>0.000000</scale>
    </LabelStyle>
    <LineStyle>
      <color>ff000000</color>
      <width>2.000000</width>
    </LineStyle>
    <PolyStyle>
      <color>00828282</color>
      <outline>1</outline>
    </PolyStyle>
  </Style>
  <Folder id="FeatureLayer0">
    <name>Document</name>
    <snippet></snippet>
    <Placemark id="ID_00000">
      <name>1874</name>
      <snippet></snippet>
      <description><![CDATA[<html xmlns:fo="http://www.w3.org/1999/XSL/Format" xmlns:msxsl="urn:schemas-microsoft-com:xslt">
<head>
<META http-equiv="Content-Type" content="text/html">
<meta http-equiv="content-type" content="text/html; charset=UTF-8">
</head>
<body style="margin:0px 0px 0px 0px;overflow:auto;background:#FFFFFF;">
<table style="font-family:Arial,Verdana,Times;font-size:12px;text-align:left;width:100%;border-collapse:collapse;padding:3px 3px 3px 3px">
<tr style="text-align:center;font-weight:bold;background:#9CBCE2">
<td>1874</td>
</tr>
<tr>
<td>
<table style="font-family:Arial,Verdana,Times;font-size:12px;text-align:left;width:100%;border-spacing:0px; padding:3px 3px 3px 3px">
<tr>
<td>Name</td>
<td>1874</td>
</tr>
<tr bgcolor="#D4E4F3">
<td>FolderPath</td>
<td>Document</td>
</tr>
<tr>
<td>SymbolID</td>
<td>0</td>
</tr>
<tr bgcolor="#D4E4F3">
<td>AltMode</td>
<td>0</td>
</tr>
<tr>
<td>Base</td>
<td>0</td>
</tr>
<tr bgcolor="#D4E4F3">
<td>Clamped</td>
<td>-1</td>
</tr>
<tr>
<td>Extruded</td>
<td>0</td>
</tr>
<tr bgcolor="#D4E4F3">
<td>Snippet</td>
<td></td>
</tr>
<tr>
<td>PopupInfo</td>
<td></td>
</tr>
</table>
</td>
</tr>
</table>
</body><script type="text/javascript">
				function changeImage(attElement, nameElement) {
				document.getElementById('imageAttachment').src = attElement;
				document.getElementById('imageName').innerHTML = nameElement;}
			</script></html>
]]></description>
      <styleUrl>#PolyStyle00</styleUrl>
      <MultiGeometry>
        <Polygon>
          <extrude>0</extrude><altitudeMode>clampToGround</altitudeMode>
          <outerBoundaryIs><LinearRing><coordinates> -104.716878,38.71289900000005,0 -104.716878,38.71330500000005,0 -104.717248,38.71401500000007,0 -104.717719,38.71442200000007,0 -104.717324,38.71490800000004,0 -104.7174419999999,38.71518000000003,0 -104.717531,38.71561700000007,0 -104.71772,38.71619500000003,0 -104.718303,38.71663100000006,0 -104.718893,38.71604500000007,0 -104.71921,38.71578800000003,0 -104.7196259999999,38.71567200000004,0 -104.719839,38.71530500000006,0 -104.720015,38.71492700000005,0 -104.72011,38.71454500000004,0 -104.719915,38.71435000000002,0 -104.7194039999999,38.71425300000004,0 -104.718877,38.71412900000007,0 -104.7187749999999,38.71396800000008,0 -104.718687,38.71375400000005,0 -104.718532,38.71361600000006,0 -104.718453,38.71350100000006,0 -104.718045,38.71327600000006,0 -104.718033,38.71273700000006,0 -104.7175119999999,38.71234600000003,0 -104.717073,38.71237500000007,0 -104.716878,38.71289900000005,0</coordinates></LinearRing></outerBoundaryIs>
        </Polygon>
      </MultiGeometry>
    </Placemark>
    <Placemark id="ID_00001">
      <name>1867</name>
      <snippet></snippet>
      <description><![CDATA[<html xmlns:fo="http://www.w3.org/1999/XSL/Format" xmlns:msxsl="urn:schemas-microsoft-com:xslt">
<head>
<META http-equiv="Content-Type" content="text/html">
<meta http-equiv="content-type" content="text/html; charset=UTF-8">
</head>
<body style="margin:0px 0px 0px 0px;overflow:auto;background:#FFFFFF;">
<table style="font-family:Arial,Verdana,Times;font-size:12px;text-align:left;width:100%;border-collapse:collapse;padding:3px 3px 3px 3px">
<tr style="text-align:center;font-weight:bold;background:#9CBCE2">
<td>1867</td>
</tr>
<tr>
<td>
<table style="font-family:Arial,Verdana,Times;font-size:12px;text-align:left;width:100%;border-spacing:0px; padding:3px 3px 3px 3px">
<tr>
<td>Name</td>
<td>1867</td>
</tr>
<tr bgcolor="#D4E4F3">
<td>FolderPath</td>
<td>Document</td>
</tr>
<tr>
<td>SymbolID</td>
<td>0</td>
</tr>
<tr bgcolor="#D4E4F3">
<td>AltMode</td>
<td>0</td>
</tr>
<tr>
<td>Base</td>
<td>0</td>
</tr>
<tr bgcolor="#D4E4F3">
<td>Clamped</td>
<td>-1</td>
</tr>
<tr>
<td>Extruded</td>
<td>0</td>
</tr>
<tr bgcolor="#D4E4F3">
<td>Snippet</td>
<td></td>
</tr>
<tr>
<td>PopupInfo</td>
<td></td>
</tr>
</table>
</td>
</tr>
</table>
</body><script type="text/javascript">
				function changeImage(attElement, nameElement) {
				document.getElementById('imageAttachment').src = attElement;
				document.getElementById('imageName').innerHTML = nameElement;}
			</script></html>
]]></description>
      <styleUrl>#PolyStyle00</styleUrl>
      <MultiGeometry>
        <Polygon>
          <extrude>0</extrude><altitudeMode>clampToGround</altitudeMode>
          <outerBoundaryIs><LinearRing><coordinates> -105.088156,40.60357100000004,0 -105.087305,40.60477400000008,0 -105.087675,40.60577200000006,0 -105.08818,40.60638000000006,0 -105.088679,40.60655100000002,0 -105.089369,40.60666000000003,0 -105.08987,40.60670800000003,0 -105.0910689999999,40.60660900000005,0 -105.090961,40.60610800000006,0 -105.0902359999999,40.60635200000007,0 -105.0896549999999,40.60652300000004,0 -105.089073,40.60645300000004,0 -105.088577,40.60646400000007,0 -105.088272,40.60618600000004,0 -105.087902,40.60579100000007,0 -105.0884599999999,40.60378100000003,0 -105.088156,40.60357100000004,0</coordinates></LinearRing></outerBoundaryIs>
        </Polygon>
      </MultiGeometry>
    </Placemark>
    <Placemark id="ID_00002">
      <name>1617</name>
      <snippet></snippet>
      <description><![CDATA[<html xmlns:fo="http://www.w3.org/1999/XSL/Format" xmlns:msxsl="urn:schemas-microsoft-com:xslt">
<head>
<META http-equiv="Content-Type" content="text/html">
<meta http-equiv="content-type" content="text/html; charset=UTF-8">
</head>
<body style="margin:0px 0px 0px 0px;overflow:auto;background:#FFFFFF;">
<table style="font-family:Arial,Verdana,Times;font-size:12px;text-align:left;width:100%;border-collapse:collapse;padding:3px 3px 3px 3px">
<tr style="text-align:center;font-weight:bold;background:#9CBCE2">
<td>1617</td>
</tr>
<tr>
<td>
<table style="font-family:Arial,Verdana,Times;font-size:12px;text-align:left;width:100%;border-spacing:0px; padding:3px 3px 3px 3px">
<tr>
<td>Name</td>
<td>1617</td>
</tr>
<tr bgcolor="#D4E4F3">
<td>FolderPath</td>
<td>Document</td>
</tr>
<tr>
<td>SymbolID</td>
<td>0</td>
</tr>
<tr bgcolor="#D4E4F3">
<td>AltMode</td>
<td>0</td>
</tr>
<tr>
<td>Base</td>
<td>0</td>
</tr>
<tr bgcolor="#D4E4F3">
<td>Clamped</td>
<td>-1</td>
</tr>
<tr>
<td>Extruded</td>
<td>0</td>
</tr>
<tr bgcolor="#D4E4F3">
<td>Snippet</td>
<td></td>
</tr>
<tr>
<td>PopupInfo</td>
<td></td>
</tr>
</table>
</td>
</tr>
</table>
</body><script type="text/javascript">
				function changeImage(attElement, nameElement) {
				document.getElementById('imageAttachment').src = attElement;
				document.getElementById('imageName').innerHTML = nameElement;}
			</script></html>
]]></description>
      <styleUrl>#PolyStyle00</styleUrl>
      <MultiGeometry>
        <Polygon>
          <extrude>0</extrude><altitudeMode>clampToGround</altitudeMode>
          <outerBoundaryIs><LinearRing><coordinates> -104.965402,39.97195200000004,0 -104.965344,39.97127800000004,0 -104.9663169999999,39.97064100000006,0 -104.966304,39.96961400000004,0 -104.9678739999999,39.96922700000005,0 -104.967947,39.96826600000003,0 -104.967495,39.96744300000006,0 -104.965991,39.96677000000005,0 -104.9664999999999,39.96586500000006,0 -104.967696,39.96538900000007,0 -104.966975,39.96440400000006,0 -104.966495,39.96330400000005,0 -104.966216,39.96276900000004,0 -104.966958,39.96218300000004,0 -104.967706,39.96180500000003,0 -104.968063,39.96226700000005,0 -104.968653,39.96175700000003,0 -104.968191,39.96168900000004,0 -104.968561,39.96142300000002,0 -104.968511,39.96080600000005,0 -104.968938,39.96115800000007,0 -104.969287,39.96114100000005,0 -104.969587,39.96084000000008,0 -104.970313,39.96005100000008,0 -104.970098,39.95973500000008,0 -104.970006,39.95926500000007,0 -104.9709109999999,39.95914600000003,0 -104.9713409999999,39.95883000000003,0 -104.971153,39.95824700000003,0 -104.971558,39.95813700000008,0 -104.971862,39.95791600000007,0 -104.971756,39.95769500000006,0 -104.971284,39.95766400000008,0 -104.970971,39.95829600000008,0 -104.970971,39.95887400000004,0 -104.9697619999999,39.95921700000008,0 -104.969625,39.96029200000004,0 -104.969233,39.96103400000004,0 -104.969106,39.96075000000008,0 -104.9682539999999,39.96046300000006,0 -104.968335,39.96120900000005,0 -104.967367,39.96160500000008,0 -104.9660239999999,39.96268400000002,0 -104.966061,39.96382000000006,0 -104.967268,39.96513500000003,0 -104.966172,39.96574300000003,0 -104.965586,39.96688800000004,0 -104.9664299999999,39.96719700000006,0 -104.966019,39.96778800000004,0 -104.9664539999999,39.96840900000007,0 -104.967549,39.96880300000004,0 -104.9672879999999,39.96920300000005,0 -104.966309,39.96894700000007,0 -104.965993,39.96993000000003,0 -104.966068,39.97056900000007,0 -104.9653269999999,39.97098200000005,0 -104.964665,39.97115000000008,0 -104.9649699999999,39.97150700000003,0 -104.964893,39.97195300000004,0 -104.965402,39.97195200000004,0</coordinates></LinearRing></outerBoundaryIs>
        </Polygon>
      </MultiGeometry>
    </Placemark>
    <Placemark id="ID_00003">
      <name>1857</name>
      <snippet></snippet>
      <description><![CDATA[<html xmlns:fo="http://www.w3.org/1999/XSL/Format" xmlns:msxsl="urn:schemas-microsoft-com:xslt">
<head>
<META http-equiv="Content-Type" content="text/html">
<meta http-equiv="content-type" content="text/html; charset=UTF-8">
</head>
<body style="margin:0px 0px 0px 0px;overflow:auto;background:#FFFFFF;">
<table style="font-family:Arial,Verdana,Times;font-size:12px;text-align:left;width:100%;border-collapse:collapse;padding:3px 3px 3px 3px">
<tr style="text-align:center;font-weight:bold;background:#9CBCE2">
<td>1857</td>
</tr>
<tr>
<td>
<table style="font-family:Arial,Verdana,Times;font-size:12px;text-align:left;width:100%;border-spacing:0px; padding:3px 3px 3px 3px">
<tr>
<td>Name</td>
<td>1857</td>
</tr>
<tr bgcolor="#D4E4F3">
<td>FolderPath</td>
<td>Document</td>
</tr>
<tr>
<td>SymbolID</td>
<td>0</td>
</tr>
<tr bgcolor="#D4E4F3">
<td>AltMode</td>
<td>0</td>
</tr>
<tr>
<td>Base</td>
<td>0</td>
</tr>
<tr bgcolor="#D4E4F3">
<td>Clamped</td>
<td>-1</td>
</tr>
<tr>
<td>Extruded</td>
<td>0</td>
</tr>
<tr bgcolor="#D4E4F3">
<td>Snippet</td>
<td></td>
</tr>
<tr>
<td>PopupInfo</td>
<td></td>
</tr>
</table>
</td>
</tr>
</table>
</body><script type="text/javascript">
				function changeImage(attElement, nameElement) {
				document.getElementById('imageAttachment').src = attElement;
				document.getElementById('imageName').innerHTML = nameElement;}
			</script></html>
]]></description>
      <styleUrl>#PolyStyle00</styleUrl>
      <MultiGeometry>
        <Polygon>
          <extrude>0</extrude><altitudeMode>clampToGround</altitudeMode>
          <outerBoundaryIs><LinearRing><coordinates> -104.718248,37.85033100000004,0 -104.7161179999999,37.84949300000005,0 -104.714128,37.84860200000003,0 -104.712031,37.84896500000008,0 -104.7112549999999,37.84960600000005,0 -104.713388,37.84965000000005,0 -104.713936,37.85068200000006,0 -104.7151039999999,37.85110700000007,0 -104.716289,37.85094800000007,0 -104.717463,37.85088500000006,0 -104.71789,37.85062000000005,0 -104.718248,37.85033100000004,0</coordinates></LinearRing></outerBoundaryIs>
        </Polygon>
      </MultiGeometry>
    </Placemark>
    <Placemark id="ID_00004">
      <name>1872</name>
      <snippet></snippet>
      <description><![CDATA[<html xmlns:fo="http://www.w3.org/1999/XSL/Format" xmlns:msxsl="urn:schemas-microsoft-com:xslt">
<head>
<META http-equiv="Content-Type" content="text/html">
<meta http-equiv="content-type" content="text/html; charset=UTF-8">
</head>
<body style="margin:0px 0px 0px 0px;overflow:auto;background:#FFFFFF;">
<table style="font-family:Arial,Verdana,Times;font-size:12px;text-align:left;width:100%;border-collapse:collapse;padding:3px 3px 3px 3px">
<tr style="text-align:center;font-weight:bold;background:#9CBCE2">
<td>1872</td>
</tr>
<tr>
<td>
<table style="font-family:Arial,Verdana,Times;font-size:12px;text-align:left;width:100%;border-spacing:0px; padding:3px 3px 3px 3px">
<tr>
<td>Name</td>
<td>1872</td>
</tr>
<tr bgcolor="#D4E4F3">
<td>FolderPath</td>
<td>Document</td>
</tr>
<tr>
<td>SymbolID</td>
<td>0</td>
</tr>
<tr bgcolor="#D4E4F3">
<td>AltMode</td>
<td>0</td>
</tr>
<tr>
<td>Base</td>
<td>0</td>
</tr>
<tr bgcolor="#D4E4F3">
<td>Clamped</td>
<td>-1</td>
</tr>
<tr>
<td>Extruded</td>
<td>0</td>
</tr>
<tr bgcolor="#D4E4F3">
<td>Snippet</td>
<td></td>
</tr>
<tr>
<td>PopupInfo</td>
<td></td>
</tr>
</table>
</td>
</tr>
</table>
</body><script type="text/javascript">
				function changeImage(attElement, nameElement) {
				document.getElementById('imageAttachment').src = attElement;
				document.getElementById('imageName').innerHTML = nameElement;}
			</script></html>
]]></description>
      <styleUrl>#PolyStyle00</styleUrl>
      <MultiGeometry>
        <Polygon>
          <extrude>0</extrude><altitudeMode>clampToGround</altitudeMode>
          <outerBoundaryIs><LinearRing><coordinates> -104.590906,38.25498200000004,0 -104.590435,38.25426200000004,0 -104.5902379999999,38.25391500000006,0 -104.590227,38.25363700000003,0 -104.590581,38.25357600000007,0 -104.5909149999999,38.25360200000006,0 -104.591624,38.25360500000005,0 -104.592044,38.25343600000008,0 -104.592412,38.25347000000005,0 -104.592935,38.25332800000007,0 -104.593061,38.25307200000003,0 -104.5930059999999,38.25297500000005,0 -104.5930759999999,38.25287000000003,0 -104.5928469999999,38.25287300000008,0 -104.5921089999999,38.25312500000007,0 -104.590363,38.25337000000007,0 -104.589688,38.25335700000005,0 -104.58978,38.25380900000005,0 -104.590225,38.25419100000005,0 -104.590459,38.25463600000006,0 -104.590526,38.25475700000004,0 -104.59093,38.25523600000002,0 -104.590949,38.25501300000008,0 -104.590906,38.25498200000004,0</coordinates></LinearRing></outerBoundaryIs>
        </Polygon>
      </MultiGeometry>
    </Placemark>
    <Placemark id="ID_00005">
      <name>1870</name>
      <snippet></snippet>
      <description><![CDATA[<html xmlns:fo="http://www.w3.org/1999/XSL/Format" xmlns:msxsl="urn:schemas-microsoft-com:xslt">
<head>
<META http-equiv="Content-Type" content="text/html">
<meta http-equiv="content-type" content="text/html; charset=UTF-8">
</head>
<body style="margin:0px 0px 0px 0px;overflow:auto;background:#FFFFFF;">
<table style="font-family:Arial,Verdana,Times;font-size:12px;text-align:left;width:100%;border-collapse:collapse;padding:3px 3px 3px 3px">
<tr style="text-align:center;font-weight:bold;background:#9CBCE2">
<td>1870</td>
</tr>
<tr>
<td>
<table style="font-family:Arial,Verdana,Times;font-size:12px;text-align:left;width:100%;border-spacing:0px; padding:3px 3px 3px 3px">
<tr>
<td>Name</td>
<td>1870</td>
</tr>
<tr bgcolor="#D4E4F3">
<td>FolderPath</td>
<td>Document</td>
</tr>
<tr>
<td>SymbolID</td>
<td>0</td>
</tr>
<tr bgcolor="#D4E4F3">
<td>AltMode</td>
<td>0</td>
</tr>
<tr>
<td>Base</td>
<td>0</td>
</tr>
<tr bgcolor="#D4E4F3">
<td>Clamped</td>
<td>-1</td>
</tr>
<tr>
<td>Extruded</td>
<td>0</td>
</tr>
<tr bgcolor="#D4E4F3">
<td>Snippet</td>
<td></td>
</tr>
<tr>
<td>PopupInfo</td>
<td></td>
</tr>
</table>
</td>
</tr>
</table>
</body><script type="text/javascript">
				function changeImage(attElement, nameElement) {
				document.getElementById('imageAttachment').src = attElement;
				document.getElementById('imageName').innerHTML = nameElement;}
			</script></html>
]]></description>
      <styleUrl>#PolyStyle00</styleUrl>
      <MultiGeometry>
        <Polygon>
          <extrude>0</extrude><altitudeMode>clampToGround</altitudeMode>
          <outerBoundaryIs><LinearRing><coordinates> -104.595675,38.25357800000006,0 -104.595782,38.25373000000008,0 -104.595897,38.25382500000006,0 -104.596055,38.25389600000005,0 -104.596195,38.25392500000004,0 -104.596393,38.25391400000007,0 -104.59646,38.25390700000003,0 -104.596558,38.25391000000008,0 -104.596584,38.25382700000006,0 -104.596482,38.25382500000006,0 -104.596432,38.25376100000005,0 -104.59647,38.25371500000006,0 -104.596523,38.25366800000006,0 -104.5966079999999,38.25367300000005,0 -104.596687,38.25372300000004,0 -104.5967879999999,38.25381000000004,0 -104.596868,38.25397100000004,0 -104.5969039999999,38.25412200000005,0 -104.5970139999999,38.25423400000005,0 -104.59713,38.25438600000007,0 -104.5971929999999,38.25454700000006,0 -104.59732,38.25465800000006,0 -104.597476,38.25470900000005,0 -104.59748,38.25448400000005,0 -104.59725,38.25428200000005,0 -104.597344,38.25419600000004,0 -104.5971939999999,38.25389800000005,0 -104.5970169999999,38.25372200000004,0 -104.5969029999999,38.25351100000006,0 -104.596783,38.25347900000003,0 -104.596693,38.25354400000003,0 -104.596643,38.25349200000005,0 -104.596615,38.25341600000007,0 -104.596661,38.25327000000004,0 -104.596636,38.25310800000005,0 -104.596592,38.25304300000005,0 -104.5965429999999,38.25311700000003,0 -104.596578,38.25323900000006,0 -104.59657,38.25337000000007,0 -104.596568,38.25346400000006,0 -104.596549,38.25354900000008,0 -104.5964539999999,38.25364900000005,0 -104.596391,38.25371100000007,0 -104.596285,38.25372500000003,0 -104.5960479999999,38.25366400000007,0 -104.595897,38.25352700000008,0 -104.595675,38.25357800000006,0</coordinates></LinearRing></outerBoundaryIs>
        </Polygon>
      </MultiGeometry>
    </Placemark>
    <Placemark id="ID_00006">
      <name>1875</name>
      <snippet></snippet>
      <description><![CDATA[<html xmlns:fo="http://www.w3.org/1999/XSL/Format" xmlns:msxsl="urn:schemas-microsoft-com:xslt">
<head>
<META http-equiv="Content-Type" content="text/html">
<meta http-equiv="content-type" content="text/html; charset=UTF-8">
</head>
<body style="margin:0px 0px 0px 0px;overflow:auto;background:#FFFFFF;">
<table style="font-family:Arial,Verdana,Times;font-size:12px;text-align:left;width:100%;border-collapse:collapse;padding:3px 3px 3px 3px">
<tr style="text-align:center;font-weight:bold;background:#9CBCE2">
<td>1875</td>
</tr>
<tr>
<td>
<table style="font-family:Arial,Verdana,Times;font-size:12px;text-align:left;width:100%;border-spacing:0px; padding:3px 3px 3px 3px">
<tr>
<td>Name</td>
<td>1875</td>
</tr>
<tr bgcolor="#D4E4F3">
<td>FolderPath</td>
<td>Document</td>
</tr>
<tr>
<td>SymbolID</td>
<td>0</td>
</tr>
<tr bgcolor="#D4E4F3">
<td>AltMode</td>
<td>0</td>
</tr>
<tr>
<td>Base</td>
<td>0</td>
</tr>
<tr bgcolor="#D4E4F3">
<td>Clamped</td>
<td>-1</td>
</tr>
<tr>
<td>Extruded</td>
<td>0</td>
</tr>
<tr bgcolor="#D4E4F3">
<td>Snippet</td>
<td></td>
</tr>
<tr>
<td>PopupInfo</td>
<td></td>
</tr>
</table>
</td>
</tr>
</table>
</body><script type="text/javascript">
				function changeImage(attElement, nameElement) {
				document.getElementById('imageAttachment').src = attElement;
				document.getElementById('imageName').innerHTML = nameElement;}
			</script></html>
]]></description>
      <styleUrl>#PolyStyle00</styleUrl>
      <MultiGeometry>
        <Polygon>
          <extrude>0</extrude><altitudeMode>clampToGround</altitudeMode>
          <outerBoundaryIs><LinearRing><coordinates> -104.6966199999999,38.67903200000006,0 -104.697013,38.67883000000006,0 -104.697223,38.67891000000003,0 -104.697466,38.67893200000003,0 -104.697644,38.67881900000003,0 -104.697849,38.67868300000004,0 -104.698052,38.67854800000003,0 -104.698235,38.67838100000006,0 -104.698447,38.67821100000003,0 -104.6987119999999,38.67801000000003,0 -104.698543,38.67775600000004,0 -104.698431,38.67775800000004,0 -104.698248,38.67785100000003,0 -104.698002,38.67800500000004,0 -104.69784,38.67813400000006,0 -104.697702,38.67822700000005,0 -104.697636,38.67834300000004,0 -104.6976079999999,38.67841900000008,0 -104.697465,38.67847000000006,0 -104.697334,38.67844200000008,0 -104.697153,38.67847700000004,0 -104.697015,38.67852000000005,0 -104.696829,38.67860900000005,0 -104.696624,38.67871000000008,0 -104.6966199999999,38.67903200000006,0</coordinates></LinearRing></outerBoundaryIs>
        </Polygon>
      </MultiGeometry>
    </Placemark>
    <Placemark id="ID_00007">
      <name>1682</name>
      <snippet></snippet>
      <description><![CDATA[<html xmlns:fo="http://www.w3.org/1999/XSL/Format" xmlns:msxsl="urn:schemas-microsoft-com:xslt">
<head>
<META http-equiv="Content-Type" content="text/html">
<meta http-equiv="content-type" content="text/html; charset=UTF-8">
</head>
<body style="margin:0px 0px 0px 0px;overflow:auto;background:#FFFFFF;">
<table style="font-family:Arial,Verdana,Times;font-size:12px;text-align:left;width:100%;border-collapse:collapse;padding:3px 3px 3px 3px">
<tr style="text-align:center;font-weight:bold;background:#9CBCE2">
<td>1682</td>
</tr>
<tr>
<td>
<table style="font-family:Arial,Verdana,Times;font-size:12px;text-align:left;width:100%;border-spacing:0px; padding:3px 3px 3px 3px">
<tr>
<td>Name</td>
<td>1682</td>
</tr>
<tr bgcolor="#D4E4F3">
<td>FolderPath</td>
<td>Document</td>
</tr>
<tr>
<td>SymbolID</td>
<td>0</td>
</tr>
<tr bgcolor="#D4E4F3">
<td>AltMode</td>
<td>0</td>
</tr>
<tr>
<td>Base</td>
<td>0</td>
</tr>
<tr bgcolor="#D4E4F3">
<td>Clamped</td>
<td>-1</td>
</tr>
<tr>
<td>Extruded</td>
<td>0</td>
</tr>
<tr bgcolor="#D4E4F3">
<td>Snippet</td>
<td></td>
</tr>
<tr>
<td>PopupInfo</td>
<td></td>
</tr>
</table>
</td>
</tr>
</table>
</body><script type="text/javascript">
				function changeImage(attElement, nameElement) {
				document.getElementById('imageAttachment').src = attElement;
				document.getElementById('imageName').innerHTML = nameElement;}
			</script></html>
]]></description>
      <styleUrl>#PolyStyle00</styleUrl>
      <MultiGeometry>
        <Polygon>
          <extrude>0</extrude><altitudeMode>clampToGround</altitudeMode>
          <outerBoundaryIs><LinearRing><coordinates> -104.6141269999999,39.59473000000003,0 -104.614422,39.59464200000008,0 -104.614334,39.59370000000007,0 -104.613779,39.59315400000003,0 -104.614249,39.59185600000006,0 -104.613521,39.59109900000004,0 -104.613773,39.59018200000003,0 -104.615639,39.58849600000008,0 -104.6154109999999,39.58825400000006,0 -104.612566,39.59004400000003,0 -104.61151,39.59210200000007,0 -104.611646,39.59274100000005,0 -104.612743,39.59265900000003,0 -104.6129559999999,39.59333700000008,0 -104.6141269999999,39.59473000000003,0</coordinates></LinearRing></outerBoundaryIs>
        </Polygon>
      </MultiGeometry>
    </Placemark>
    <Placemark id="ID_00008">
      <name>1911</name>
      <snippet></snippet>
      <description><![CDATA[<html xmlns:fo="http://www.w3.org/1999/XSL/Format" xmlns:msxsl="urn:schemas-microsoft-com:xslt">
<head>
<META http-equiv="Content-Type" content="text/html">
<meta http-equiv="content-type" content="text/html; charset=UTF-8">
</head>
<body style="margin:0px 0px 0px 0px;overflow:auto;background:#FFFFFF;">
<table style="font-family:Arial,Verdana,Times;font-size:12px;text-align:left;width:100%;border-collapse:collapse;padding:3px 3px 3px 3px">
<tr style="text-align:center;font-weight:bold;background:#9CBCE2">
<td>1911</td>
</tr>
<tr>
<td>
<table style="font-family:Arial,Verdana,Times;font-size:12px;text-align:left;width:100%;border-spacing:0px; padding:3px 3px 3px 3px">
<tr>
<td>Name</td>
<td>1911</td>
</tr>
<tr bgcolor="#D4E4F3">
<td>FolderPath</td>
<td>Document</td>
</tr>
<tr>
<td>SymbolID</td>
<td>0</td>
</tr>
<tr bgcolor="#D4E4F3">
<td>AltMode</td>
<td>0</td>
</tr>
<tr>
<td>Base</td>
<td>0</td>
</tr>
<tr bgcolor="#D4E4F3">
<td>Clamped</td>
<td>-1</td>
</tr>
<tr>
<td>Extruded</td>
<td>0</td>
</tr>
<tr bgcolor="#D4E4F3">
<td>Snippet</td>
<td></td>
</tr>
<tr>
<td>PopupInfo</td>
<td></td>
</tr>
</table>
</td>
</tr>
</table>
</body><script type="text/javascript">
				function changeImage(attElement, nameElement) {
				document.getElementById('imageAttachment').src = attElement;
				document.getElementById('imageName').innerHTML = nameElement;}
			</script></html>
]]></description>
      <styleUrl>#PolyStyle00</styleUrl>
      <MultiGeometry>
        <Polygon>
          <extrude>0</extrude><altitudeMode>clampToGround</altitudeMode>
          <outerBoundaryIs><LinearRing><coordinates> -104.991718,39.86282100000005,0 -104.991725,39.86259900000005,0 -104.991711,39.86249400000003,0 -104.9916899999999,39.86236100000008,0 -104.991654,39.86218900000006,0 -104.991553,39.86196700000005,0 -104.991409,39.86180600000006,0 -104.991236,39.86170100000004,0 -104.991013,39.86160700000005,0 -104.990783,39.86152300000003,0 -104.990653,39.86141200000003,0 -104.9904519999999,39.86112400000007,0 -104.9904299999999,39.86099600000006,0 -104.9903649999999,39.86076900000006,0 -104.990279,39.86048100000005,0 -104.990243,39.86029800000006,0 -104.990214,39.85994800000003,0 -104.990063,39.85971000000006,0 -104.9898909999999,39.85955400000006,0 -104.98956,39.85933200000005,0 -104.98943,39.85929400000003,0 -104.989135,39.85929900000008,0 -104.988998,39.85938200000004,0 -104.988912,39.85951000000006,0 -104.988905,39.85967100000005,0 -104.988977,39.85980900000004,0 -104.9891709999999,39.85991500000006,0 -104.989459,39.85998100000006,0 -104.989473,39.86002000000008,0 -104.98943,39.86017000000004,0 -104.98948,39.86035800000008,0 -104.989588,39.86054200000007,0 -104.989696,39.86078600000008,0 -104.989811,39.86105200000003,0 -104.989941,39.86147300000005,0 -104.990308,39.86164000000008,0 -104.990538,39.86172900000003,0 -104.990732,39.86181700000003,0 -104.9909479999999,39.86192800000003,0 -104.991135,39.86209500000007,0 -104.991179,39.86220600000007,0 -104.991179,39.86234400000006,0 -104.9912,39.86255000000006,0 -104.991394,39.86283200000003,0 -104.991538,39.86289900000003,0 -104.991718,39.86282100000005,0</coordinates></LinearRing></outerBoundaryIs>
        </Polygon>
      </MultiGeometry>
    </Placemark>
    <Placemark id="ID_00009">
      <name>1916</name>
      <snippet></snippet>
      <description><![CDATA[<html xmlns:fo="http://www.w3.org/1999/XSL/Format" xmlns:msxsl="urn:schemas-microsoft-com:xslt">
<head>
<META http-equiv="Content-Type" content="text/html">
<meta http-equiv="content-type" content="text/html; charset=UTF-8">
</head>
<body style="margin:0px 0px 0px 0px;overflow:auto;background:#FFFFFF;">
<table style="font-family:Arial,Verdana,Times;font-size:12px;text-align:left;width:100%;border-collapse:collapse;padding:3px 3px 3px 3px">
<tr style="text-align:center;font-weight:bold;background:#9CBCE2">
<td>1916</td>
</tr>
<tr>
<td>
<table style="font-family:Arial,Verdana,Times;font-size:12px;text-align:left;width:100%;border-spacing:0px; padding:3px 3px 3px 3px">
<tr>
<td>Name</td>
<td>1916</td>
</tr>
<tr bgcolor="#D4E4F3">
<td>FolderPath</td>
<td>Document</td>
</tr>
<tr>
<td>SymbolID</td>
<td>0</td>
</tr>
<tr bgcolor="#D4E4F3">
<td>AltMode</td>
<td>0</td>
</tr>
<tr>
<td>Base</td>
<td>0</td>
</tr>
<tr bgcolor="#D4E4F3">
<td>Clamped</td>
<td>-1</td>
</tr>
<tr>
<td>Extruded</td>
<td>0</td>
</tr>
<tr bgcolor="#D4E4F3">
<td>Snippet</td>
<td></td>
</tr>
<tr>
<td>PopupInfo</td>
<td></td>
</tr>
</table>
</td>
</tr>
</table>
</body><script type="text/javascript">
				function changeImage(attElement, nameElement) {
				document.getElementById('imageAttachment').src = attElement;
				document.getElementById('imageName').innerHTML = nameElement;}
			</script></html>
]]></description>
      <styleUrl>#PolyStyle00</styleUrl>
      <MultiGeometry>
        <Polygon>
          <extrude>0</extrude><altitudeMode>clampToGround</altitudeMode>
          <outerBoundaryIs><LinearRing><coordinates> -104.79173,39.00035600000007,0 -104.7909519999999,39.00069500000006,0 -104.7910009999999,39.00108600000004,0 -104.792038,39.00111300000003,0 -104.793029,39.00027400000005,0 -104.79432,39.00085800000005,0 -104.795062,39.00066100000004,0 -104.795583,39.00019600000007,0 -104.796838,38.99974800000007,0 -104.79734,38.99926800000003,0 -104.797739,38.99871500000006,0 -104.7973949999999,38.99853800000005,0 -104.796609,38.99867600000005,0 -104.795892,38.99913400000003,0 -104.793846,38.99994100000004,0 -104.792923,38.99962900000003,0 -104.792321,38.99965300000008,0 -104.7915409999999,39.00001000000003,0 -104.79173,39.00035600000007,0</coordinates></LinearRing></outerBoundaryIs>
        </Polygon>
      </MultiGeometry>
    </Placemark>
    <Placemark id="ID_00010">
      <name>1917</name>
      <snippet></snippet>
      <description><![CDATA[<html xmlns:fo="http://www.w3.org/1999/XSL/Format" xmlns:msxsl="urn:schemas-microsoft-com:xslt">
<head>
<META http-equiv="Content-Type" content="text/html">
<meta http-equiv="content-type" content="text/html; charset=UTF-8">
</head>
<body style="margin:0px 0px 0px 0px;overflow:auto;background:#FFFFFF;">
<table style="font-family:Arial,Verdana,Times;font-size:12px;text-align:left;width:100%;border-collapse:collapse;padding:3px 3px 3px 3px">
<tr style="text-align:center;font-weight:bold;background:#9CBCE2">
<td>1917</td>
</tr>
<tr>
<td>
<table style="font-family:Arial,Verdana,Times;font-size:12px;text-align:left;width:100%;border-spacing:0px; padding:3px 3px 3px 3px">
<tr>
<td>Name</td>
<td>1917</td>
</tr>
<tr bgcolor="#D4E4F3">
<td>FolderPath</td>
<td>Document</td>
</tr>
<tr>
<td>SymbolID</td>
<td>0</td>
</tr>
<tr bgcolor="#D4E4F3">
<td>AltMode</td>
<td>0</td>
</tr>
<tr>
<td>Base</td>
<td>0</td>
</tr>
<tr bgcolor="#D4E4F3">
<td>Clamped</td>
<td>-1</td>
</tr>
<tr>
<td>Extruded</td>
<td>0</td>
</tr>
<tr bgcolor="#D4E4F3">
<td>Snippet</td>
<td></td>
</tr>
<tr>
<td>PopupInfo</td>
<td></td>
</tr>
</table>
</td>
</tr>
</table>
</body><script type="text/javascript">
				function changeImage(attElement, nameElement) {
				document.getElementById('imageAttachment').src = attElement;
				document.getElementById('imageName').innerHTML = nameElement;}
			</script></html>
]]></description>
      <styleUrl>#PolyStyle00</styleUrl>
      <MultiGeometry>
        <Polygon>
          <extrude>0</extrude><altitudeMode>clampToGround</altitudeMode>
          <outerBoundaryIs><LinearRing><coordinates> -104.752669,38.93004900000005,0 -104.752557,38.92987300000004,0 -104.751819,38.92962600000004,0 -104.7511949999999,38.92978300000004,0 -104.751046,38.92966900000005,0 -104.750938,38.92963500000008,0 -104.7508319999999,38.92954000000003,0 -104.750402,38.92954400000008,0 -104.750028,38.92946600000005,0 -104.749771,38.92928700000004,0 -104.749316,38.92911700000008,0 -104.749171,38.92927900000007,0 -104.7494569999999,38.92951600000004,0 -104.750618,38.93011900000005,0 -104.750886,38.93018600000005,0 -104.751761,38.93030800000003,0 -104.752091,38.93031300000007,0 -104.752338,38.93026100000003,0 -104.752669,38.93004900000005,0</coordinates></LinearRing></outerBoundaryIs>
        </Polygon>
      </MultiGeometry>
    </Placemark>
    <Placemark id="ID_00011">
      <name>1952</name>
      <snippet></snippet>
      <description><![CDATA[<html xmlns:fo="http://www.w3.org/1999/XSL/Format" xmlns:msxsl="urn:schemas-microsoft-com:xslt">
<head>
<META http-equiv="Content-Type" content="text/html">
<meta http-equiv="content-type" content="text/html; charset=UTF-8">
</head>
<body style="margin:0px 0px 0px 0px;overflow:auto;background:#FFFFFF;">
<table style="font-family:Arial,Verdana,Times;font-size:12px;text-align:left;width:100%;border-collapse:collapse;padding:3px 3px 3px 3px">
<tr style="text-align:center;font-weight:bold;background:#9CBCE2">
<td>1952</td>
</tr>
<tr>
<td>
<table style="font-family:Arial,Verdana,Times;font-size:12px;text-align:left;width:100%;border-spacing:0px; padding:3px 3px 3px 3px">
<tr>
<td>Name</td>
<td>1952</td>
</tr>
<tr bgcolor="#D4E4F3">
<td>FolderPath</td>
<td>Document</td>
</tr>
<tr>
<td>SymbolID</td>
<td>0</td>
</tr>
<tr bgcolor="#D4E4F3">
<td>AltMode</td>
<td>0</td>
</tr>
<tr>
<td>Base</td>
<td>0</td>
</tr>
<tr bgcolor="#D4E4F3">
<td>Clamped</td>
<td>-1</td>
</tr>
<tr>
<td>Extruded</td>
<td>0</td>
</tr>
<tr bgcolor="#D4E4F3">
<td>Snippet</td>
<td></td>
</tr>
<tr>
<td>PopupInfo</td>
<td></td>
</tr>
</table>
</td>
</tr>
</table>
</body><script type="text/javascript">
				function changeImage(attElement, nameElement) {
				document.getElementById('imageAttachment').src = attElement;
				document.getElementById('imageName').innerHTML = nameElement;}
			</script></html>
]]></description>
      <styleUrl>#PolyStyle00</styleUrl>
      <MultiGeometry>
        <Polygon>
          <extrude>0</extrude><altitudeMode>clampToGround</altitudeMode>
          <outerBoundaryIs><LinearRing><coordinates> -104.823568,39.03300100000007,0 -104.823607,39.03288300000003,0 -104.82376,39.03263900000007,0 -104.823858,39.03178700000007,0 -104.824104,39.03139700000003,0 -104.8237579999999,39.03115900000006,0 -104.82418,39.03060900000003,0 -104.8247709999999,39.02998700000006,0 -104.825777,39.02963300000005,0 -104.826442,39.02878900000007,0 -104.8260109999999,39.02857200000005,0 -104.825374,39.02848800000004,0 -104.825028,39.02878900000007,0 -104.824796,39.02898700000003,0 -104.824311,39.02908600000006,0 -104.8236219999999,39.02965100000006,0 -104.823414,39.03023400000006,0 -104.8229259999999,39.03091200000006,0 -104.822152,39.03153100000003,0 -104.8221339999999,39.03199100000006,0 -104.821744,39.03220000000005,0 -104.821486,39.03232400000007,0 -104.8213479999999,39.03251300000005,0 -104.8212119999999,39.03280700000005,0 -104.8208969999999,39.03310600000003,0 -104.8208779999999,39.03322600000007,0 -104.821021,39.03325100000006,0 -104.821539,39.03293300000007,0 -104.8219539999999,39.03284300000007,0 -104.8220929999999,39.03290100000004,0 -104.822353,39.03281800000008,0 -104.8221339999999,39.03305300000005,0 -104.821816,39.03319700000003,0 -104.821693,39.03334500000005,0 -104.821682,39.03364200000004,0 -104.821161,39.03386700000004,0 -104.820632,39.03369800000007,0 -104.820031,39.03347600000006,0 -104.8188739999999,39.03390700000006,0 -104.818611,39.03426900000005,0 -104.818065,39.03427800000003,0 -104.81857,39.03359200000006,0 -104.818162,39.03346600000003,0 -104.817922,39.03363000000007,0 -104.818003,39.03399700000006,0 -104.817577,39.03428900000006,0 -104.817662,39.03469300000006,0 -104.818456,39.03473800000006,0 -104.819146,39.03455200000008,0 -104.8193679999999,39.03439600000007,0 -104.8198379999999,39.03432000000004,0 -104.820375,39.03422800000004,0 -104.820928,39.03419100000008,0 -104.8211469999999,39.03423100000003,0 -104.821428,39.03423800000007,0 -104.821648,39.03428400000007,0 -104.8218879999999,39.03426200000007,0 -104.8220689999999,39.03420000000006,0 -104.822266,39.03413800000004,0 -104.822438,39.03402500000004,0 -104.822554,39.03374600000006,0 -104.822754,39.03350100000006,0 -104.8229709999999,39.03329400000007,0 -104.823387,39.03310500000003,0 -104.823568,39.03300100000007,0</coordinates></LinearRing></outerBoundaryIs>
        </Polygon>
      </MultiGeometry>
    </Placemark>
    <Placemark id="ID_00012">
      <name>1729</name>
      <snippet></snippet>
      <description><![CDATA[<html xmlns:fo="http://www.w3.org/1999/XSL/Format" xmlns:msxsl="urn:schemas-microsoft-com:xslt">
<head>
<META http-equiv="Content-Type" content="text/html">
<meta http-equiv="content-type" content="text/html; charset=UTF-8">
</head>
<body style="margin:0px 0px 0px 0px;overflow:auto;background:#FFFFFF;">
<table style="font-family:Arial,Verdana,Times;font-size:12px;text-align:left;width:100%;border-collapse:collapse;padding:3px 3px 3px 3px">
<tr style="text-align:center;font-weight:bold;background:#9CBCE2">
<td>1729</td>
</tr>
<tr>
<td>
<table style="font-family:Arial,Verdana,Times;font-size:12px;text-align:left;width:100%;border-spacing:0px; padding:3px 3px 3px 3px">
<tr>
<td>Name</td>
<td>1729</td>
</tr>
<tr bgcolor="#D4E4F3">
<td>FolderPath</td>
<td>Document</td>
</tr>
<tr>
<td>SymbolID</td>
<td>0</td>
</tr>
<tr bgcolor="#D4E4F3">
<td>AltMode</td>
<td>0</td>
</tr>
<tr>
<td>Base</td>
<td>0</td>
</tr>
<tr bgcolor="#D4E4F3">
<td>Clamped</td>
<td>-1</td>
</tr>
<tr>
<td>Extruded</td>
<td>0</td>
</tr>
<tr bgcolor="#D4E4F3">
<td>Snippet</td>
<td></td>
</tr>
<tr>
<td>PopupInfo</td>
<td></td>
</tr>
</table>
</td>
</tr>
</table>
</body><script type="text/javascript">
				function changeImage(attElement, nameElement) {
				document.getElementById('imageAttachment').src = attElement;
				document.getElementById('imageName').innerHTML = nameElement;}
			</script></html>
]]></description>
      <styleUrl>#PolyStyle00</styleUrl>
      <MultiGeometry>
        <Polygon>
          <extrude>0</extrude><altitudeMode>clampToGround</altitudeMode>
          <outerBoundaryIs><LinearRing><coordinates> -105.140699,39.76949700000006,0 -105.140292,39.76937400000003,0 -105.1400189999999,39.76951100000008,0 -105.139399,39.76964800000007,0 -105.138865,39.76994700000006,0 -105.138311,39.77016400000008,0 -105.13776,39.77026400000005,0 -105.137274,39.77064800000005,0 -105.1366379999999,39.77065100000004,0 -105.1360069999999,39.77092200000004,0 -105.135028,39.77094300000005,0 -105.134196,39.77123400000005,0 -105.133567,39.77134000000007,0 -105.132672,39.77165300000007,0 -105.132176,39.77198900000008,0 -105.131399,39.77247500000004,0 -105.131223,39.77273000000002,0 -105.1313249999999,39.77284300000008,0 -105.1323189999999,39.77253600000006,0 -105.1328999999999,39.77250900000007,0 -105.133116,39.77219500000007,0 -105.133254,39.77190700000006,0 -105.1338049999999,39.77192600000006,0 -105.134943,39.77162800000008,0 -105.135014,39.77246700000006,0 -105.135405,39.77266700000007,0 -105.136046,39.77262700000006,0 -105.1368439999999,39.77229900000003,0 -105.137414,39.77212600000007,0 -105.1377659999999,39.77203000000003,0 -105.1373829999999,39.77157100000005,0 -105.1377649999999,39.77092800000003,0 -105.1386659999999,39.77052000000003,0 -105.139628,39.76989500000008,0 -105.140252,39.76971600000007,0 -105.140507,39.76964200000003,0 -105.140699,39.76949700000006,0</coordinates></LinearRing></outerBoundaryIs>
        </Polygon>
      </MultiGeometry>
    </Placemark>
    <Placemark id="ID_00013">
      <name>1871</name>
      <snippet></snippet>
      <description><![CDATA[<html xmlns:fo="http://www.w3.org/1999/XSL/Format" xmlns:msxsl="urn:schemas-microsoft-com:xslt">
<head>
<META http-equiv="Content-Type" content="text/html">
<meta http-equiv="content-type" content="text/html; charset=UTF-8">
</head>
<body style="margin:0px 0px 0px 0px;overflow:auto;background:#FFFFFF;">
<table style="font-family:Arial,Verdana,Times;font-size:12px;text-align:left;width:100%;border-collapse:collapse;padding:3px 3px 3px 3px">
<tr style="text-align:center;font-weight:bold;background:#9CBCE2">
<td>1871</td>
</tr>
<tr>
<td>
<table style="font-family:Arial,Verdana,Times;font-size:12px;text-align:left;width:100%;border-spacing:0px; padding:3px 3px 3px 3px">
<tr>
<td>Name</td>
<td>1871</td>
</tr>
<tr bgcolor="#D4E4F3">
<td>FolderPath</td>
<td>Document</td>
</tr>
<tr>
<td>SymbolID</td>
<td>0</td>
</tr>
<tr bgcolor="#D4E4F3">
<td>AltMode</td>
<td>0</td>
</tr>
<tr>
<td>Base</td>
<td>0</td>
</tr>
<tr bgcolor="#D4E4F3">
<td>Clamped</td>
<td>-1</td>
</tr>
<tr>
<td>Extruded</td>
<td>0</td>
</tr>
<tr bgcolor="#D4E4F3">
<td>Snippet</td>
<td></td>
</tr>
<tr>
<td>PopupInfo</td>
<td></td>
</tr>
</table>
</td>
</tr>
</table>
</body><script type="text/javascript">
				function changeImage(attElement, nameElement) {
				document.getElementById('imageAttachment').src = attElement;
				document.getElementById('imageName').innerHTML = nameElement;}
			</script></html>
]]></description>
      <styleUrl>#PolyStyle00</styleUrl>
      <MultiGeometry>
        <Polygon>
          <extrude>0</extrude><altitudeMode>clampToGround</altitudeMode>
          <outerBoundaryIs><LinearRing><coordinates> -104.6356469999999,38.23107700000003,0 -104.63555,38.22899100000006,0 -104.635371,38.22791500000005,0 -104.634903,38.22776700000003,0 -104.634356,38.22744200000005,0 -104.633974,38.22677400000003,0 -104.6344349999999,38.22552300000007,0 -104.633384,38.22485500000005,0 -104.631366,38.22389000000004,0 -104.629445,38.22310200000004,0 -104.629081,38.22361300000006,0 -104.6288259999999,38.22443000000004,0 -104.628734,38.22542700000002,0 -104.629153,38.22611000000006,0 -104.628843,38.22672600000004,0 -104.628418,38.22758600000003,0 -104.627786,38.22807200000005,0 -104.6274089999999,38.22846900000008,0 -104.6263519999999,38.23072700000006,0 -104.6265519999999,38.23245000000003,0 -104.627382,38.23287500000004,0 -104.63053,38.23327100000006,0 -104.633684,38.23320600000005,0 -104.63417,38.23268100000007,0 -104.634596,38.23197000000005,0 -104.6349539999999,38.23136900000003,0 -104.6356469999999,38.23107700000003,0</coordinates></LinearRing></outerBoundaryIs>
        </Polygon>
      </MultiGeometry>
    </Placemark>
    <Placemark id="ID_00014">
      <name>1869</name>
      <snippet></snippet>
      <description><![CDATA[<html xmlns:fo="http://www.w3.org/1999/XSL/Format" xmlns:msxsl="urn:schemas-microsoft-com:xslt">
<head>
<META http-equiv="Content-Type" content="text/html">
<meta http-equiv="content-type" content="text/html; charset=UTF-8">
</head>
<body style="margin:0px 0px 0px 0px;overflow:auto;background:#FFFFFF;">
<table style="font-family:Arial,Verdana,Times;font-size:12px;text-align:left;width:100%;border-collapse:collapse;padding:3px 3px 3px 3px">
<tr style="text-align:center;font-weight:bold;background:#9CBCE2">
<td>1869</td>
</tr>
<tr>
<td>
<table style="font-family:Arial,Verdana,Times;font-size:12px;text-align:left;width:100%;border-spacing:0px; padding:3px 3px 3px 3px">
<tr>
<td>Name</td>
<td>1869</td>
</tr>
<tr bgcolor="#D4E4F3">
<td>FolderPath</td>
<td>Document</td>
</tr>
<tr>
<td>SymbolID</td>
<td>0</td>
</tr>
<tr bgcolor="#D4E4F3">
<td>AltMode</td>
<td>0</td>
</tr>
<tr>
<td>Base</td>
<td>0</td>
</tr>
<tr bgcolor="#D4E4F3">
<td>Clamped</td>
<td>-1</td>
</tr>
<tr>
<td>Extruded</td>
<td>0</td>
</tr>
<tr bgcolor="#D4E4F3">
<td>Snippet</td>
<td></td>
</tr>
<tr>
<td>PopupInfo</td>
<td></td>
</tr>
</table>
</td>
</tr>
</table>
</body><script type="text/javascript">
				function changeImage(attElement, nameElement) {
				document.getElementById('imageAttachment').src = attElement;
				document.getElementById('imageName').innerHTML = nameElement;}
			</script></html>
]]></description>
      <styleUrl>#PolyStyle00</styleUrl>
      <MultiGeometry>
        <Polygon>
          <extrude>0</extrude><altitudeMode>clampToGround</altitudeMode>
          <outerBoundaryIs><LinearRing><coordinates> -104.658949,38.27127600000006,0 -104.658212,38.27137200000004,0 -104.658034,38.27151900000007,0 -104.657703,38.27160600000008,0 -104.657523,38.27179300000006,0 -104.6573989999999,38.27170100000006,0 -104.657057,38.27172400000006,0 -104.6567689999999,38.27177400000005,0 -104.656718,38.27203000000003,0 -104.656171,38.27212700000007,0 -104.656042,38.27195800000004,0 -104.6558229999999,38.27202900000003,0 -104.6555719999999,38.27218400000004,0 -104.655831,38.27236000000005,0 -104.656517,38.27228800000006,0 -104.657295,38.27229000000005,0 -104.657881,38.27207900000008,0 -104.658217,38.27193800000003,0 -104.658711,38.27177700000004,0 -104.659391,38.27144500000003,0 -104.658949,38.27127600000006,0</coordinates></LinearRing></outerBoundaryIs>
        </Polygon>
      </MultiGeometry>
    </Placemark>
    <Placemark id="ID_00015">
      <name>1251</name>
      <snippet></snippet>
      <description><![CDATA[<html xmlns:fo="http://www.w3.org/1999/XSL/Format" xmlns:msxsl="urn:schemas-microsoft-com:xslt">
<head>
<META http-equiv="Content-Type" content="text/html">
<meta http-equiv="content-type" content="text/html; charset=UTF-8">
</head>
<body style="margin:0px 0px 0px 0px;overflow:auto;background:#FFFFFF;">
<table style="font-family:Arial,Verdana,Times;font-size:12px;text-align:left;width:100%;border-collapse:collapse;padding:3px 3px 3px 3px">
<tr style="text-align:center;font-weight:bold;background:#9CBCE2">
<td>1251</td>
</tr>
<tr>
<td>
<table style="font-family:Arial,Verdana,Times;font-size:12px;text-align:left;width:100%;border-spacing:0px; padding:3px 3px 3px 3px">
<tr>
<td>Name</td>
<td>1251</td>
</tr>
<tr bgcolor="#D4E4F3">
<td>FolderPath</td>
<td>Document</td>
</tr>
<tr>
<td>SymbolID</td>
<td>0</td>
</tr>
<tr bgcolor="#D4E4F3">
<td>AltMode</td>
<td>0</td>
</tr>
<tr>
<td>Base</td>
<td>0</td>
</tr>
<tr bgcolor="#D4E4F3">
<td>Clamped</td>
<td>-1</td>
</tr>
<tr>
<td>Extruded</td>
<td>0</td>
</tr>
<tr bgcolor="#D4E4F3">
<td>Snippet</td>
<td></td>
</tr>
<tr>
<td>PopupInfo</td>
<td></td>
</tr>
</table>
</td>
</tr>
</table>
</body><script type="text/javascript">
				function changeImage(attElement, nameElement) {
				document.getElementById('imageAttachment').src = attElement;
				document.getElementById('imageName').innerHTML = nameElement;}
			</script></html>
]]></description>
      <styleUrl>#PolyStyle00</styleUrl>
      <MultiGeometry>
        <Polygon>
          <extrude>0</extrude><altitudeMode>clampToGround</altitudeMode>
          <outerBoundaryIs><LinearRing><coordinates> -104.367246,38.44554000000005,0 -104.367149,38.44559400000003,0 -104.3667579999999,38.44596800000005,0 -104.366503,38.44640800000008,0 -104.366247,38.44686500000006,0 -104.3662849999999,38.44712900000007,0 -104.366408,38.44727100000006,0 -104.366695,38.44730800000008,0 -104.366567,38.44752500000004,0 -104.366478,38.44763900000004,0 -104.366371,38.44775200000004,0 -104.36623,38.44790000000006,0 -104.366111,38.44827900000007,0 -104.366001,38.44846000000007,0 -104.365734,38.44901600000003,0 -104.36556,38.44933800000007,0 -104.365856,38.44944500000003,0 -104.365758,38.44960200000003,0 -104.365727,38.44983100000007,0 -104.365534,38.45032900000007,0 -104.3655219999999,38.45087000000007,0 -104.365277,38.45137400000004,0 -104.365067,38.45163500000007,0 -104.3650059999999,38.45241400000003,0 -104.365104,38.45290900000003,0 -104.365977,38.45291800000007,0 -104.366228,38.45306400000004,0 -104.366697,38.45341000000008,0 -104.366656,38.45364800000004,0 -104.3662869999999,38.45388900000006,0 -104.366505,38.45420600000006,0 -104.3668509999999,38.45420400000006,0 -104.367537,38.45375700000005,0 -104.367832,38.45347200000003,0 -104.367739,38.45320500000003,0 -104.3674139999999,38.45300200000003,0 -104.367081,38.45338100000004,0 -104.366773,38.45319300000006,0 -104.366022,38.45271400000007,0 -104.365506,38.45283500000005,0 -104.36555,38.45264700000007,0 -104.365662,38.45239800000007,0 -104.365582,38.45193500000005,0 -104.365624,38.45151600000003,0 -104.3655439999999,38.45121700000004,0 -104.365743,38.45091000000008,0 -104.365863,38.45069000000007,0 -104.3659029999999,38.45038400000004,0 -104.365863,38.45021500000007,0 -104.3660639999999,38.45003600000007,0 -104.3662419999999,38.44976900000006,0 -104.366164,38.44950100000005,0 -104.366081,38.44923200000005,0 -104.3659959999999,38.44897300000008,0 -104.3661959999999,38.44872200000003,0 -104.366277,38.44844300000005,0 -104.36627,38.44822000000005,0 -104.366484,38.44813700000003,0 -104.3667139999999,38.44806200000005,0 -104.367003,38.44812300000007,0 -104.3673659999999,38.44781500000005,0 -104.367521,38.44755300000003,0 -104.367493,38.44726700000007,0 -104.367202,38.44720700000005,0 -104.367064,38.44716300000005,0 -104.3671409999999,38.44703400000003,0 -104.3673019999999,38.44692100000003,0 -104.367204,38.44680300000005,0 -104.367016,38.44683900000007,0 -104.366824,38.44705600000003,0 -104.366654,38.44710400000002,0 -104.3665139999999,38.44692700000007,0 -104.366596,38.44658000000004,0 -104.366725,38.44642200000004,0 -104.366858,38.44622000000004,0 -104.367133,38.44594700000005,0 -104.3671879999999,38.44580100000007,0 -104.367336,38.44573400000007,0 -104.367355,38.44560000000007,0 -104.367246,38.44554000000005,0</coordinates></LinearRing></outerBoundaryIs>
        </Polygon>
      </MultiGeometry>
    </Placemark>
    <Placemark id="ID_00016">
      <name>1912</name>
      <snippet></snippet>
      <description><![CDATA[<html xmlns:fo="http://www.w3.org/1999/XSL/Format" xmlns:msxsl="urn:schemas-microsoft-com:xslt">
<head>
<META http-equiv="Content-Type" content="text/html">
<meta http-equiv="content-type" content="text/html; charset=UTF-8">
</head>
<body style="margin:0px 0px 0px 0px;overflow:auto;background:#FFFFFF;">
<table style="font-family:Arial,Verdana,Times;font-size:12px;text-align:left;width:100%;border-collapse:collapse;padding:3px 3px 3px 3px">
<tr style="text-align:center;font-weight:bold;background:#9CBCE2">
<td>1912</td>
</tr>
<tr>
<td>
<table style="font-family:Arial,Verdana,Times;font-size:12px;text-align:left;width:100%;border-spacing:0px; padding:3px 3px 3px 3px">
<tr>
<td>Name</td>
<td>1912</td>
</tr>
<tr bgcolor="#D4E4F3">
<td>FolderPath</td>
<td>Document</td>
</tr>
<tr>
<td>SymbolID</td>
<td>0</td>
</tr>
<tr bgcolor="#D4E4F3">
<td>AltMode</td>
<td>0</td>
</tr>
<tr>
<td>Base</td>
<td>0</td>
</tr>
<tr bgcolor="#D4E4F3">
<td>Clamped</td>
<td>-1</td>
</tr>
<tr>
<td>Extruded</td>
<td>0</td>
</tr>
<tr bgcolor="#D4E4F3">
<td>Snippet</td>
<td></td>
</tr>
<tr>
<td>PopupInfo</td>
<td></td>
</tr>
</table>
</td>
</tr>
</table>
</body><script type="text/javascript">
				function changeImage(attElement, nameElement) {
				document.getElementById('imageAttachment').src = attElement;
				document.getElementById('imageName').innerHTML = nameElement;}
			</script></html>
]]></description>
      <styleUrl>#PolyStyle00</styleUrl>
      <MultiGeometry>
        <Polygon>
          <extrude>0</extrude><altitudeMode>clampToGround</altitudeMode>
          <outerBoundaryIs><LinearRing><coordinates> -104.9378369999999,39.62183800000003,0 -104.93797,39.62130100000007,0 -104.937741,39.62102800000008,0 -104.937556,39.62091300000003,0 -104.937121,39.62088600000004,0 -104.936725,39.62066600000003,0 -104.9365969999999,39.62034200000005,0 -104.9365089999999,39.61988000000008,0 -104.935892,39.61932200000007,0 -104.935479,39.61912800000005,0 -104.9351369999999,39.61884800000007,0 -104.934274,39.61860900000005,0 -104.933621,39.61859600000003,0 -104.933034,39.61853400000007,0 -104.932645,39.61837200000008,0 -104.932338,39.61809500000004,0 -104.9320499999999,39.61788100000007,0 -104.931073,39.61732300000006,0 -104.930356,39.61703200000005,0 -104.9300029999999,39.61721500000004,0 -104.9298209999999,39.61745100000007,0 -104.929907,39.61767400000008,0 -104.930456,39.61788800000005,0 -104.9306339999999,39.61823100000004,0 -104.930488,39.61856400000005,0 -104.930738,39.61906300000004,0 -104.930898,39.61948400000006,0 -104.930896,39.61973400000005,0 -104.931136,39.61973800000004,0 -104.931498,39.61967200000004,0 -104.931769,39.61957500000005,0 -104.932083,39.61947900000007,0 -104.932789,39.61959400000006,0 -104.933399,39.61969600000003,0 -104.9339899999999,39.61971800000003,0 -104.9342829999999,39.61978400000004,0 -104.9347749999999,39.62002600000005,0 -104.935153,39.62043500000004,0 -104.93568,39.62075600000003,0 -104.936226,39.62130000000008,0 -104.936525,39.62166200000007,0 -104.936337,39.62186600000007,0 -104.9359939999999,39.62181300000003,0 -104.935577,39.62175300000007,0 -104.935128,39.62184100000007,0 -104.9349,39.62202200000007,0 -104.934825,39.62220100000008,0 -104.934925,39.62233800000007,0 -104.9352279999999,39.62235700000008,0 -104.935616,39.62234300000006,0 -104.935734,39.62248600000004,0 -104.935688,39.62283800000006,0 -104.935798,39.62281300000006,0 -104.936201,39.62254400000006,0 -104.936265,39.62225000000007,0 -104.9367569999999,39.62177800000006,0 -104.937557,39.62184600000006,0 -104.9378369999999,39.62183800000003,0</coordinates></LinearRing></outerBoundaryIs>
        </Polygon>
      </MultiGeometry>
    </Placemark>
    <Placemark id="ID_00017">
      <name>1743</name>
      <snippet></snippet>
      <description><![CDATA[<html xmlns:fo="http://www.w3.org/1999/XSL/Format" xmlns:msxsl="urn:schemas-microsoft-com:xslt">
<head>
<META http-equiv="Content-Type" content="text/html">
<meta http-equiv="content-type" content="text/html; charset=UTF-8">
</head>
<body style="margin:0px 0px 0px 0px;overflow:auto;background:#FFFFFF;">
<table style="font-family:Arial,Verdana,Times;font-size:12px;text-align:left;width:100%;border-collapse:collapse;padding:3px 3px 3px 3px">
<tr style="text-align:center;font-weight:bold;background:#9CBCE2">
<td>1743</td>
</tr>
<tr>
<td>
<table style="font-family:Arial,Verdana,Times;font-size:12px;text-align:left;width:100%;border-spacing:0px; padding:3px 3px 3px 3px">
<tr>
<td>Name</td>
<td>1743</td>
</tr>
<tr bgcolor="#D4E4F3">
<td>FolderPath</td>
<td>Document</td>
</tr>
<tr>
<td>SymbolID</td>
<td>0</td>
</tr>
<tr bgcolor="#D4E4F3">
<td>AltMode</td>
<td>0</td>
</tr>
<tr>
<td>Base</td>
<td>0</td>
</tr>
<tr bgcolor="#D4E4F3">
<td>Clamped</td>
<td>-1</td>
</tr>
<tr>
<td>Extruded</td>
<td>0</td>
</tr>
<tr bgcolor="#D4E4F3">
<td>Snippet</td>
<td></td>
</tr>
<tr>
<td>PopupInfo</td>
<td></td>
</tr>
</table>
</td>
</tr>
</table>
</body><script type="text/javascript">
				function changeImage(attElement, nameElement) {
				document.getElementById('imageAttachment').src = attElement;
				document.getElementById('imageName').innerHTML = nameElement;}
			</script></html>
]]></description>
      <styleUrl>#PolyStyle00</styleUrl>
      <MultiGeometry>
        <Polygon>
          <extrude>0</extrude><altitudeMode>clampToGround</altitudeMode>
          <outerBoundaryIs><LinearRing><coordinates> -104.540109,39.58445900000004,0 -104.539655,39.58364300000005,0 -104.539435,39.58332000000007,0 -104.539338,39.58280700000006,0 -104.5391749999999,39.58255000000003,0 -104.5392209999999,39.58229200000005,0 -104.539072,39.58206400000006,0 -104.5390849999999,39.58186200000006,0 -104.539097,39.58157700000004,0 -104.539529,39.58143700000005,0 -104.539618,39.58128900000003,0 -104.5398039999999,39.58117400000003,0 -104.5400059999999,39.58113000000003,0 -104.540675,39.58089700000005,0 -104.540921,39.58079500000008,0 -104.54134,39.58072000000004,0 -104.5417889999999,39.58035500000005,0 -104.5421919999999,39.57989100000003,0 -104.542358,39.57939600000003,0 -104.542541,39.57919700000008,0 -104.542469,39.57905600000004,0 -104.542448,39.57885000000005,0 -104.5425539999999,39.57860700000003,0 -104.5427099999999,39.57853600000004,0 -104.542812,39.57824000000005,0 -104.542652,39.57811900000007,0 -104.542762,39.57796800000006,0 -104.542563,39.57793000000004,0 -104.542334,39.57771500000007,0 -104.5423039999999,39.57706000000007,0 -104.542112,39.57681600000006,0 -104.542141,39.57663500000007,0 -104.541981,39.57648100000006,0 -104.5416,39.57634100000007,0 -104.541208,39.57626900000002,0 -104.54117,39.57614500000005,0 -104.541063,39.57601200000005,0 -104.540857,39.57593100000003,0 -104.540675,39.57592000000005,0 -104.5405949999999,39.57576300000005,0 -104.5404359999999,39.57565500000004,0 -104.540218,39.57558200000005,0 -104.539989,39.57562400000006,0 -104.5397819999999,39.57560500000005,0 -104.5396259999999,39.57559600000008,0 -104.539448,39.57562400000006,0 -104.539314,39.57543900000007,0 -104.539316,39.57531900000004,0 -104.539217,39.57520900000003,0 -104.5391539999999,39.57502900000003,0 -104.53901,39.57463400000006,0 -104.5387469999999,39.57417300000003,0 -104.538439,39.57389200000006,0 -104.537948,39.57388900000007,0 -104.5377799999999,39.57360100000005,0 -104.5371939999999,39.57324700000004,0 -104.5367419999999,39.57303200000007,0 -104.5364729999999,39.57291800000007,0 -104.536263,39.57282900000007,0 -104.536256,39.57273600000008,0 -104.5362699999999,39.57254200000006,0 -104.536319,39.57246900000007,0 -104.536331,39.57232400000004,0 -104.536399,39.57216200000005,0 -104.536352,39.57204400000006,0 -104.536263,39.57193200000006,0 -104.536219,39.57179700000006,0 -104.5361789999999,39.57152700000006,0 -104.536077,39.57147900000007,0 -104.5359769999999,39.57144400000004,0 -104.535835,39.57151700000003,0 -104.535858,39.57178700000003,0 -104.535875,39.57203300000003,0 -104.535927,39.57237600000008,0 -104.535917,39.57269000000008,0 -104.536006,39.57306800000003,0 -104.536373,39.57345700000008,0 -104.5363169999999,39.57378700000004,0 -104.536117,39.57429800000006,0 -104.536005,39.57471400000003,0 -104.536724,39.57507100000004,0 -104.5375519999999,39.57531400000005,0 -104.5382509999999,39.57548700000007,0 -104.53862,39.57560600000005,0 -104.538818,39.57545600000003,0 -104.539009,39.57550800000007,0 -104.53914,39.57565000000005,0 -104.539269,39.57581600000003,0 -104.539385,39.57585700000004,0 -104.53961,39.57583300000005,0 -104.539779,39.57574600000004,0 -104.539977,39.57573000000008,0 -104.540221,39.57579500000003,0 -104.5405009999999,39.57599500000003,0 -104.540938,39.57626100000004,0 -104.54151,39.57662000000005,0 -104.541869,39.57700000000006,0 -104.542009,39.57750800000008,0 -104.542045,39.57811000000004,0 -104.5420589999999,39.57853200000005,0 -104.542196,39.57885400000004,0 -104.542176,39.57921800000003,0 -104.541927,39.57947300000006,0 -104.541644,39.57991300000003,0 -104.541211,39.58017000000007,0 -104.540454,39.58059800000007,0 -104.540312,39.58080700000005,0 -104.539866,39.58101800000003,0 -104.539464,39.58109500000006,0 -104.539058,39.58135100000004,0 -104.538786,39.58159500000005,0 -104.538825,39.58209400000004,0 -104.539,39.58248500000008,0 -104.538752,39.58291800000006,0 -104.538392,39.58448900000008,0 -104.536907,39.58650300000005,0 -104.539458,39.58433500000007,0 -104.540109,39.58445900000004,0</coordinates></LinearRing></outerBoundaryIs>
        </Polygon>
      </MultiGeometry>
    </Placemark>
    <Placemark id="ID_00018">
      <name>1732</name>
      <snippet></snippet>
      <description><![CDATA[<html xmlns:fo="http://www.w3.org/1999/XSL/Format" xmlns:msxsl="urn:schemas-microsoft-com:xslt">
<head>
<META http-equiv="Content-Type" content="text/html">
<meta http-equiv="content-type" content="text/html; charset=UTF-8">
</head>
<body style="margin:0px 0px 0px 0px;overflow:auto;background:#FFFFFF;">
<table style="font-family:Arial,Verdana,Times;font-size:12px;text-align:left;width:100%;border-collapse:collapse;padding:3px 3px 3px 3px">
<tr style="text-align:center;font-weight:bold;background:#9CBCE2">
<td>1732</td>
</tr>
<tr>
<td>
<table style="font-family:Arial,Verdana,Times;font-size:12px;text-align:left;width:100%;border-spacing:0px; padding:3px 3px 3px 3px">
<tr>
<td>Name</td>
<td>1732</td>
</tr>
<tr bgcolor="#D4E4F3">
<td>FolderPath</td>
<td>Document</td>
</tr>
<tr>
<td>SymbolID</td>
<td>0</td>
</tr>
<tr bgcolor="#D4E4F3">
<td>AltMode</td>
<td>0</td>
</tr>
<tr>
<td>Base</td>
<td>0</td>
</tr>
<tr bgcolor="#D4E4F3">
<td>Clamped</td>
<td>-1</td>
</tr>
<tr>
<td>Extruded</td>
<td>0</td>
</tr>
<tr bgcolor="#D4E4F3">
<td>Snippet</td>
<td></td>
</tr>
<tr>
<td>PopupInfo</td>
<td></td>
</tr>
</table>
</td>
</tr>
</table>
</body><script type="text/javascript">
				function changeImage(attElement, nameElement) {
				document.getElementById('imageAttachment').src = attElement;
				document.getElementById('imageName').innerHTML = nameElement;}
			</script></html>
]]></description>
      <styleUrl>#PolyStyle00</styleUrl>
      <MultiGeometry>
        <Polygon>
          <extrude>0</extrude><altitudeMode>clampToGround</altitudeMode>
          <outerBoundaryIs><LinearRing><coordinates> -104.7647249999999,40.44085000000007,0 -104.765121,40.44243600000004,0 -104.764913,40.44389800000005,0 -104.765742,40.44550400000003,0 -104.7671119999999,40.44673600000004,0 -104.7684409999999,40.44773700000007,0 -104.7684409999999,40.44710900000007,0 -104.769166,40.44669500000003,0 -104.770371,40.44687200000004,0 -104.7705119999999,40.44622300000003,0 -104.771056,40.44550800000007,0 -104.7714319999999,40.44463400000006,0 -104.7705989999999,40.44340100000005,0 -104.7701509999999,40.44294500000007,0 -104.76946,40.44150900000005,0 -104.7687339999999,40.44036900000003,0 -104.7672909999999,40.44020100000006,0 -104.76584,40.44023100000004,0 -104.7647249999999,40.44085000000007,0</coordinates></LinearRing></outerBoundaryIs>
        </Polygon>
      </MultiGeometry>
    </Placemark>
    <Placemark id="ID_00019">
      <name>1915</name>
      <snippet></snippet>
      <description><![CDATA[<html xmlns:fo="http://www.w3.org/1999/XSL/Format" xmlns:msxsl="urn:schemas-microsoft-com:xslt">
<head>
<META http-equiv="Content-Type" content="text/html">
<meta http-equiv="content-type" content="text/html; charset=UTF-8">
</head>
<body style="margin:0px 0px 0px 0px;overflow:auto;background:#FFFFFF;">
<table style="font-family:Arial,Verdana,Times;font-size:12px;text-align:left;width:100%;border-collapse:collapse;padding:3px 3px 3px 3px">
<tr style="text-align:center;font-weight:bold;background:#9CBCE2">
<td>1915</td>
</tr>
<tr>
<td>
<table style="font-family:Arial,Verdana,Times;font-size:12px;text-align:left;width:100%;border-spacing:0px; padding:3px 3px 3px 3px">
<tr>
<td>Name</td>
<td>1915</td>
</tr>
<tr bgcolor="#D4E4F3">
<td>FolderPath</td>
<td>Document</td>
</tr>
<tr>
<td>SymbolID</td>
<td>0</td>
</tr>
<tr bgcolor="#D4E4F3">
<td>AltMode</td>
<td>0</td>
</tr>
<tr>
<td>Base</td>
<td>0</td>
</tr>
<tr bgcolor="#D4E4F3">
<td>Clamped</td>
<td>-1</td>
</tr>
<tr>
<td>Extruded</td>
<td>0</td>
</tr>
<tr bgcolor="#D4E4F3">
<td>Snippet</td>
<td></td>
</tr>
<tr>
<td>PopupInfo</td>
<td></td>
</tr>
</table>
</td>
</tr>
</table>
</body><script type="text/javascript">
				function changeImage(attElement, nameElement) {
				document.getElementById('imageAttachment').src = attElement;
				document.getElementById('imageName').innerHTML = nameElement;}
			</script></html>
]]></description>
      <styleUrl>#PolyStyle00</styleUrl>
      <MultiGeometry>
        <Polygon>
          <extrude>0</extrude><altitudeMode>clampToGround</altitudeMode>
          <outerBoundaryIs><LinearRing><coordinates> -104.668706,39.01101800000004,0 -104.668851,39.01093200000003,0 -104.66894,39.01074100000005,0 -104.668809,39.01063900000003,0 -104.6686339999999,39.01043800000008,0 -104.668526,39.01004900000004,0 -104.6684079999999,39.00980900000008,0 -104.668269,39.00967600000007,0 -104.668221,39.00943900000004,0 -104.668107,39.00942800000007,0 -104.66792,39.00968300000005,0 -104.668107,39.00993000000005,0 -104.668155,39.01016600000003,0 -104.668062,39.01034700000002,0 -104.668142,39.01045400000004,0 -104.668374,39.01044600000006,0 -104.668506,39.01059300000003,0 -104.668529,39.01085800000004,0 -104.668537,39.01100200000008,0 -104.668706,39.01101800000004,0</coordinates></LinearRing></outerBoundaryIs>
        </Polygon>
      </MultiGeometry>
    </Placemark>
    <Placemark id="ID_00020">
      <name>1931</name>
      <snippet></snippet>
      <description><![CDATA[<html xmlns:fo="http://www.w3.org/1999/XSL/Format" xmlns:msxsl="urn:schemas-microsoft-com:xslt">
<head>
<META http-equiv="Content-Type" content="text/html">
<meta http-equiv="content-type" content="text/html; charset=UTF-8">
</head>
<body style="margin:0px 0px 0px 0px;overflow:auto;background:#FFFFFF;">
<table style="font-family:Arial,Verdana,Times;font-size:12px;text-align:left;width:100%;border-collapse:collapse;padding:3px 3px 3px 3px">
<tr style="text-align:center;font-weight:bold;background:#9CBCE2">
<td>1931</td>
</tr>
<tr>
<td>
<table style="font-family:Arial,Verdana,Times;font-size:12px;text-align:left;width:100%;border-spacing:0px; padding:3px 3px 3px 3px">
<tr>
<td>Name</td>
<td>1931</td>
</tr>
<tr bgcolor="#D4E4F3">
<td>FolderPath</td>
<td>Document</td>
</tr>
<tr>
<td>SymbolID</td>
<td>0</td>
</tr>
<tr bgcolor="#D4E4F3">
<td>AltMode</td>
<td>0</td>
</tr>
<tr>
<td>Base</td>
<td>0</td>
</tr>
<tr bgcolor="#D4E4F3">
<td>Clamped</td>
<td>-1</td>
</tr>
<tr>
<td>Extruded</td>
<td>0</td>
</tr>
<tr bgcolor="#D4E4F3">
<td>Snippet</td>
<td></td>
</tr>
<tr>
<td>PopupInfo</td>
<td></td>
</tr>
</table>
</td>
</tr>
</table>
</body><script type="text/javascript">
				function changeImage(attElement, nameElement) {
				document.getElementById('imageAttachment').src = attElement;
				document.getElementById('imageName').innerHTML = nameElement;}
			</script></html>
]]></description>
      <styleUrl>#PolyStyle00</styleUrl>
      <MultiGeometry>
        <Polygon>
          <extrude>0</extrude><altitudeMode>clampToGround</altitudeMode>
          <outerBoundaryIs><LinearRing><coordinates> -105.206427,38.43833800000004,0 -105.207212,38.43841600000007,0 -105.2077849999999,38.43875900000006,0 -105.2100619999999,38.43932400000006,0 -105.212764,38.43932400000006,0 -105.2132089999999,38.43902500000007,0 -105.2137749999999,38.43863200000004,0 -105.215112,38.43834900000007,0 -105.215218,38.43798900000007,0 -105.214284,38.43771800000007,0 -105.2133009999999,38.43744600000008,0 -105.212318,38.43712500000004,0 -105.211406,38.43695900000006,0 -105.210507,38.43688100000003,0 -105.2095879999999,38.43674300000004,0 -105.208548,38.43680400000005,0 -105.20753,38.43702000000008,0 -105.206724,38.43726300000003,0 -105.206045,38.43755200000004,0 -105.206427,38.43833800000004,0</coordinates></LinearRing></outerBoundaryIs>
        </Polygon>
      </MultiGeometry>
    </Placemark>
    <Placemark id="ID_00021">
      <name>1270</name>
      <snippet></snippet>
      <description><![CDATA[<html xmlns:fo="http://www.w3.org/1999/XSL/Format" xmlns:msxsl="urn:schemas-microsoft-com:xslt">
<head>
<META http-equiv="Content-Type" content="text/html">
<meta http-equiv="content-type" content="text/html; charset=UTF-8">
</head>
<body style="margin:0px 0px 0px 0px;overflow:auto;background:#FFFFFF;">
<table style="font-family:Arial,Verdana,Times;font-size:12px;text-align:left;width:100%;border-collapse:collapse;padding:3px 3px 3px 3px">
<tr style="text-align:center;font-weight:bold;background:#9CBCE2">
<td>1270</td>
</tr>
<tr>
<td>
<table style="font-family:Arial,Verdana,Times;font-size:12px;text-align:left;width:100%;border-spacing:0px; padding:3px 3px 3px 3px">
<tr>
<td>Name</td>
<td>1270</td>
</tr>
<tr bgcolor="#D4E4F3">
<td>FolderPath</td>
<td>Document</td>
</tr>
<tr>
<td>SymbolID</td>
<td>0</td>
</tr>
<tr bgcolor="#D4E4F3">
<td>AltMode</td>
<td>0</td>
</tr>
<tr>
<td>Base</td>
<td>0</td>
</tr>
<tr bgcolor="#D4E4F3">
<td>Clamped</td>
<td>-1</td>
</tr>
<tr>
<td>Extruded</td>
<td>0</td>
</tr>
<tr bgcolor="#D4E4F3">
<td>Snippet</td>
<td></td>
</tr>
<tr>
<td>PopupInfo</td>
<td></td>
</tr>
</table>
</td>
</tr>
</table>
</body><script type="text/javascript">
				function changeImage(attElement, nameElement) {
				document.getElementById('imageAttachment').src = attElement;
				document.getElementById('imageName').innerHTML = nameElement;}
			</script></html>
]]></description>
      <styleUrl>#PolyStyle00</styleUrl>
      <MultiGeometry>
        <Polygon>
          <extrude>0</extrude><altitudeMode>clampToGround</altitudeMode>
          <outerBoundaryIs><LinearRing><coordinates> -105.024151,38.53589500000004,0 -105.02419,38.53394000000003,0 -105.023737,38.53330600000004,0 -105.0233939999999,38.53310900000002,0 -105.022977,38.53285100000005,0 -105.022523,38.53277700000007,0 -105.022508,38.53320300000007,0 -105.0222419999999,38.53332900000004,0 -105.021138,38.53345100000007,0 -105.021243,38.53387300000003,0 -105.0215019999999,38.53409900000003,0 -105.021865,38.53442200000006,0 -105.022383,38.53456000000006,0 -105.02263,38.53478600000005,0 -105.022684,38.53525300000007,0 -105.022707,38.53543200000007,0 -105.023176,38.53543200000007,0 -105.02372,38.53603300000003,0 -105.024151,38.53589500000004,0</coordinates></LinearRing></outerBoundaryIs>
        </Polygon>
      </MultiGeometry>
    </Placemark>
    <Placemark id="ID_00022">
      <name>1897</name>
      <snippet></snippet>
      <description><![CDATA[<html xmlns:fo="http://www.w3.org/1999/XSL/Format" xmlns:msxsl="urn:schemas-microsoft-com:xslt">
<head>
<META http-equiv="Content-Type" content="text/html">
<meta http-equiv="content-type" content="text/html; charset=UTF-8">
</head>
<body style="margin:0px 0px 0px 0px;overflow:auto;background:#FFFFFF;">
<table style="font-family:Arial,Verdana,Times;font-size:12px;text-align:left;width:100%;border-collapse:collapse;padding:3px 3px 3px 3px">
<tr style="text-align:center;font-weight:bold;background:#9CBCE2">
<td>1897</td>
</tr>
<tr>
<td>
<table style="font-family:Arial,Verdana,Times;font-size:12px;text-align:left;width:100%;border-spacing:0px; padding:3px 3px 3px 3px">
<tr>
<td>Name</td>
<td>1897</td>
</tr>
<tr bgcolor="#D4E4F3">
<td>FolderPath</td>
<td>Document</td>
</tr>
<tr>
<td>SymbolID</td>
<td>0</td>
</tr>
<tr bgcolor="#D4E4F3">
<td>AltMode</td>
<td>0</td>
</tr>
<tr>
<td>Base</td>
<td>0</td>
</tr>
<tr bgcolor="#D4E4F3">
<td>Clamped</td>
<td>-1</td>
</tr>
<tr>
<td>Extruded</td>
<td>0</td>
</tr>
<tr bgcolor="#D4E4F3">
<td>Snippet</td>
<td></td>
</tr>
<tr>
<td>PopupInfo</td>
<td></td>
</tr>
</table>
</td>
</tr>
</table>
</body><script type="text/javascript">
				function changeImage(attElement, nameElement) {
				document.getElementById('imageAttachment').src = attElement;
				document.getElementById('imageName').innerHTML = nameElement;}
			</script></html>
]]></description>
      <styleUrl>#PolyStyle00</styleUrl>
      <MultiGeometry>
        <Polygon>
          <extrude>0</extrude><altitudeMode>clampToGround</altitudeMode>
          <outerBoundaryIs><LinearRing><coordinates> -104.9147839999999,38.32769500000006,0 -104.91428,38.32720000000006,0 -104.9137689999999,38.32698600000003,0 -104.913257,38.32635700000003,0 -104.91282,38.32521200000008,0 -104.912358,38.32377100000008,0 -104.9114969999999,38.32278700000006,0 -104.9102099999999,38.32210900000007,0 -104.908349,38.32139000000006,0 -104.907202,38.32175700000005,0 -104.9069259999999,38.32197000000008,0 -104.906404,38.32265700000005,0 -104.905922,38.32290800000004,0 -104.9059569999999,38.32307000000003,0 -104.906351,38.32347400000003,0 -104.907237,38.32391500000006,0 -104.909028,38.32422700000006,0 -104.909705,38.32429300000007,0 -104.910275,38.32431100000008,0 -104.9109329999999,38.32418900000005,0 -104.9110689999999,38.32389500000005,0 -104.911305,38.32392400000003,0 -104.911525,38.32405400000005,0 -104.91175,38.32458500000007,0 -104.911739,38.32500600000003,0 -104.911805,38.32555400000007,0 -104.9123489999999,38.32646000000005,0 -104.913313,38.32746400000008,0 -104.9147839999999,38.32769500000006,0</coordinates></LinearRing></outerBoundaryIs>
        </Polygon>
      </MultiGeometry>
    </Placemark>
    <Placemark id="ID_00023">
      <name>667</name>
      <snippet></snippet>
      <description><![CDATA[<html xmlns:fo="http://www.w3.org/1999/XSL/Format" xmlns:msxsl="urn:schemas-microsoft-com:xslt">
<head>
<META http-equiv="Content-Type" content="text/html">
<meta http-equiv="content-type" content="text/html; charset=UTF-8">
</head>
<body style="margin:0px 0px 0px 0px;overflow:auto;background:#FFFFFF;">
<table style="font-family:Arial,Verdana,Times;font-size:12px;text-align:left;width:100%;border-collapse:collapse;padding:3px 3px 3px 3px">
<tr style="text-align:center;font-weight:bold;background:#9CBCE2">
<td>667</td>
</tr>
<tr>
<td>
<table style="font-family:Arial,Verdana,Times;font-size:12px;text-align:left;width:100%;border-spacing:0px; padding:3px 3px 3px 3px">
<tr>
<td>Name</td>
<td>667</td>
</tr>
<tr bgcolor="#D4E4F3">
<td>FolderPath</td>
<td>Document</td>
</tr>
<tr>
<td>SymbolID</td>
<td>0</td>
</tr>
<tr bgcolor="#D4E4F3">
<td>AltMode</td>
<td>0</td>
</tr>
<tr>
<td>Base</td>
<td>0</td>
</tr>
<tr bgcolor="#D4E4F3">
<td>Clamped</td>
<td>-1</td>
</tr>
<tr>
<td>Extruded</td>
<td>0</td>
</tr>
<tr bgcolor="#D4E4F3">
<td>Snippet</td>
<td></td>
</tr>
<tr>
<td>PopupInfo</td>
<td></td>
</tr>
</table>
</td>
</tr>
</table>
</body><script type="text/javascript">
				function changeImage(attElement, nameElement) {
				document.getElementById('imageAttachment').src = attElement;
				document.getElementById('imageName').innerHTML = nameElement;}
			</script></html>
]]></description>
      <styleUrl>#PolyStyle00</styleUrl>
      <MultiGeometry>
        <Polygon>
          <extrude>0</extrude><altitudeMode>clampToGround</altitudeMode>
          <outerBoundaryIs><LinearRing><coordinates> -105.01084,39.61712300000005,0 -105.010796,39.61686100000003,0 -105.0102189999999,39.61686600000007,0 -105.009504,39.61693100000008,0 -105.009238,39.61700900000005,0 -105.009037,39.61689700000005,0 -105.008811,39.61681200000004,0 -105.0084889999999,39.61658200000005,0 -105.008048,39.61689200000006,0 -105.006928,39.61691300000007,0 -105.00696,39.61707100000007,0 -105.007829,39.61709800000006,0 -105.0081739999999,39.61705700000005,0 -105.008447,39.61708700000003,0 -105.0086429999999,39.61729700000006,0 -105.009239,39.61734700000005,0 -105.009662,39.61734900000005,0 -105.0099489999999,39.61724000000004,0 -105.0100209999999,39.61732700000005,0 -105.0102189999999,39.61742200000003,0 -105.0107369999999,39.61744100000004,0 -105.01084,39.61712300000005,0</coordinates></LinearRing></outerBoundaryIs>
        </Polygon>
      </MultiGeometry>
    </Placemark>
    <Placemark id="ID_00024">
      <name>1962</name>
      <snippet></snippet>
      <description><![CDATA[<html xmlns:fo="http://www.w3.org/1999/XSL/Format" xmlns:msxsl="urn:schemas-microsoft-com:xslt">
<head>
<META http-equiv="Content-Type" content="text/html">
<meta http-equiv="content-type" content="text/html; charset=UTF-8">
</head>
<body style="margin:0px 0px 0px 0px;overflow:auto;background:#FFFFFF;">
<table style="font-family:Arial,Verdana,Times;font-size:12px;text-align:left;width:100%;border-collapse:collapse;padding:3px 3px 3px 3px">
<tr style="text-align:center;font-weight:bold;background:#9CBCE2">
<td>1962</td>
</tr>
<tr>
<td>
<table style="font-family:Arial,Verdana,Times;font-size:12px;text-align:left;width:100%;border-spacing:0px; padding:3px 3px 3px 3px">
<tr>
<td>Name</td>
<td>1962</td>
</tr>
<tr bgcolor="#D4E4F3">
<td>FolderPath</td>
<td>Document</td>
</tr>
<tr>
<td>SymbolID</td>
<td>0</td>
</tr>
<tr bgcolor="#D4E4F3">
<td>AltMode</td>
<td>0</td>
</tr>
<tr>
<td>Base</td>
<td>0</td>
</tr>
<tr bgcolor="#D4E4F3">
<td>Clamped</td>
<td>-1</td>
</tr>
<tr>
<td>Extruded</td>
<td>0</td>
</tr>
<tr bgcolor="#D4E4F3">
<td>Snippet</td>
<td></td>
</tr>
<tr>
<td>PopupInfo</td>
<td></td>
</tr>
</table>
</td>
</tr>
</table>
</body><script type="text/javascript">
				function changeImage(attElement, nameElement) {
				document.getElementById('imageAttachment').src = attElement;
				document.getElementById('imageName').innerHTML = nameElement;}
			</script></html>
]]></description>
      <styleUrl>#PolyStyle00</styleUrl>
      <MultiGeometry>
        <Polygon>
          <extrude>0</extrude><altitudeMode>clampToGround</altitudeMode>
          <outerBoundaryIs><LinearRing><coordinates> -104.9776659999999,39.77760500000005,0 -104.9775969999999,39.77746800000006,0 -104.977505,39.77742100000006,0 -104.9774879999999,39.77738000000005,0 -104.9775529999999,39.77732800000007,0 -104.977562,39.77721200000008,0 -104.9775059999999,39.77723100000003,0 -104.9774879999999,39.77729800000003,0 -104.977411,39.77734200000003,0 -104.977292,39.77734700000008,0 -104.977157,39.77729800000003,0 -104.977048,39.77726300000006,0 -104.97694,39.77729900000003,0 -104.9768529999999,39.77740000000006,0 -104.976913,39.77747700000003,0 -104.9770589999999,39.77753800000005,0 -104.97728,39.77754000000004,0 -104.9774859999999,39.77755800000006,0 -104.977587,39.77766000000003,0 -104.9776659999999,39.77760500000005,0</coordinates></LinearRing></outerBoundaryIs>
        </Polygon>
      </MultiGeometry>
    </Placemark>
    <Placemark id="ID_00025">
      <name>1961</name>
      <snippet></snippet>
      <description><![CDATA[<html xmlns:fo="http://www.w3.org/1999/XSL/Format" xmlns:msxsl="urn:schemas-microsoft-com:xslt">
<head>
<META http-equiv="Content-Type" content="text/html">
<meta http-equiv="content-type" content="text/html; charset=UTF-8">
</head>
<body style="margin:0px 0px 0px 0px;overflow:auto;background:#FFFFFF;">
<table style="font-family:Arial,Verdana,Times;font-size:12px;text-align:left;width:100%;border-collapse:collapse;padding:3px 3px 3px 3px">
<tr style="text-align:center;font-weight:bold;background:#9CBCE2">
<td>1961</td>
</tr>
<tr>
<td>
<table style="font-family:Arial,Verdana,Times;font-size:12px;text-align:left;width:100%;border-spacing:0px; padding:3px 3px 3px 3px">
<tr>
<td>Name</td>
<td>1961</td>
</tr>
<tr bgcolor="#D4E4F3">
<td>FolderPath</td>
<td>Document</td>
</tr>
<tr>
<td>SymbolID</td>
<td>0</td>
</tr>
<tr bgcolor="#D4E4F3">
<td>AltMode</td>
<td>0</td>
</tr>
<tr>
<td>Base</td>
<td>0</td>
</tr>
<tr bgcolor="#D4E4F3">
<td>Clamped</td>
<td>-1</td>
</tr>
<tr>
<td>Extruded</td>
<td>0</td>
</tr>
<tr bgcolor="#D4E4F3">
<td>Snippet</td>
<td></td>
</tr>
<tr>
<td>PopupInfo</td>
<td></td>
</tr>
</table>
</td>
</tr>
</table>
</body><script type="text/javascript">
				function changeImage(attElement, nameElement) {
				document.getElementById('imageAttachment').src = attElement;
				document.getElementById('imageName').innerHTML = nameElement;}
			</script></html>
]]></description>
      <styleUrl>#PolyStyle00</styleUrl>
      <MultiGeometry>
        <Polygon>
          <extrude>0</extrude><altitudeMode>clampToGround</altitudeMode>
          <outerBoundaryIs><LinearRing><coordinates> -104.9747839999999,39.78382800000003,0 -104.974729,39.78373400000004,0 -104.9747389999999,39.78363100000007,0 -104.974746,39.78352700000005,0 -104.974731,39.78346800000003,0 -104.974757,39.78336600000006,0 -104.974758,39.78332700000004,0 -104.97473,39.78333900000007,0 -104.974709,39.78338700000006,0 -104.9746949999999,39.78346000000005,0 -104.974621,39.78345600000006,0 -104.974569,39.78349300000008,0 -104.97455,39.78356600000006,0 -104.9745339999999,39.78362700000002,0 -104.974499,39.78370100000006,0 -104.974484,39.78374700000006,0 -104.97454,39.78377900000004,0 -104.974596,39.78373500000004,0 -104.9745599999999,39.78369400000003,0 -104.974564,39.78365000000008,0 -104.974589,39.78352100000006,0 -104.9746509999999,39.78350200000006,0 -104.974708,39.78353600000003,0 -104.974702,39.78362700000002,0 -104.974682,39.78375200000005,0 -104.974725,39.78384600000004,0 -104.9747839999999,39.78382800000003,0</coordinates></LinearRing></outerBoundaryIs>
        </Polygon>
      </MultiGeometry>
    </Placemark>
    <Placemark id="ID_00026">
      <name>1964</name>
      <snippet></snippet>
      <description><![CDATA[<html xmlns:fo="http://www.w3.org/1999/XSL/Format" xmlns:msxsl="urn:schemas-microsoft-com:xslt">
<head>
<META http-equiv="Content-Type" content="text/html">
<meta http-equiv="content-type" content="text/html; charset=UTF-8">
</head>
<body style="margin:0px 0px 0px 0px;overflow:auto;background:#FFFFFF;">
<table style="font-family:Arial,Verdana,Times;font-size:12px;text-align:left;width:100%;border-collapse:collapse;padding:3px 3px 3px 3px">
<tr style="text-align:center;font-weight:bold;background:#9CBCE2">
<td>1964</td>
</tr>
<tr>
<td>
<table style="font-family:Arial,Verdana,Times;font-size:12px;text-align:left;width:100%;border-spacing:0px; padding:3px 3px 3px 3px">
<tr>
<td>Name</td>
<td>1964</td>
</tr>
<tr bgcolor="#D4E4F3">
<td>FolderPath</td>
<td>Document</td>
</tr>
<tr>
<td>SymbolID</td>
<td>0</td>
</tr>
<tr bgcolor="#D4E4F3">
<td>AltMode</td>
<td>0</td>
</tr>
<tr>
<td>Base</td>
<td>0</td>
</tr>
<tr bgcolor="#D4E4F3">
<td>Clamped</td>
<td>-1</td>
</tr>
<tr>
<td>Extruded</td>
<td>0</td>
</tr>
<tr bgcolor="#D4E4F3">
<td>Snippet</td>
<td></td>
</tr>
<tr>
<td>PopupInfo</td>
<td></td>
</tr>
</table>
</td>
</tr>
</table>
</body><script type="text/javascript">
				function changeImage(attElement, nameElement) {
				document.getElementById('imageAttachment').src = attElement;
				document.getElementById('imageName').innerHTML = nameElement;}
			</script></html>
]]></description>
      <styleUrl>#PolyStyle00</styleUrl>
      <MultiGeometry>
        <Polygon>
          <extrude>0</extrude><altitudeMode>clampToGround</altitudeMode>
          <outerBoundaryIs><LinearRing><coordinates> -105.128473,39.96920200000005,0 -105.12841,39.96888100000007,0 -105.12819,39.96880100000004,0 -105.1280369999999,39.96904700000005,0 -105.127908,39.96915200000007,0 -105.127913,39.96935000000008,0 -105.127766,39.96949000000006,0 -105.127503,39.96911100000005,0 -105.1272299999999,39.96909600000004,0 -105.12686,39.96935300000007,0 -105.1268919999999,39.96976000000006,0 -105.126811,39.97004600000002,0 -105.126651,39.97014700000005,0 -105.126312,39.97018800000006,0 -105.1260559999999,39.97028700000004,0 -105.125705,39.97052600000006,0 -105.125666,39.97102800000005,0 -105.1258779999999,39.97112100000004,0 -105.126137,39.97104500000006,0 -105.1262629999999,39.97078000000005,0 -105.1262829999999,39.97055800000004,0 -105.126729,39.97049600000003,0 -105.127109,39.97043200000007,0 -105.1274519999999,39.97030600000005,0 -105.127572,39.97003300000006,0 -105.127674,39.96976000000006,0 -105.128473,39.96920200000005,0</coordinates></LinearRing></outerBoundaryIs>
        </Polygon>
      </MultiGeometry>
    </Placemark>
    <Placemark id="ID_00027">
      <name>1102</name>
      <snippet></snippet>
      <description><![CDATA[<html xmlns:fo="http://www.w3.org/1999/XSL/Format" xmlns:msxsl="urn:schemas-microsoft-com:xslt">
<head>
<META http-equiv="Content-Type" content="text/html">
<meta http-equiv="content-type" content="text/html; charset=UTF-8">
</head>
<body style="margin:0px 0px 0px 0px;overflow:auto;background:#FFFFFF;">
<table style="font-family:Arial,Verdana,Times;font-size:12px;text-align:left;width:100%;border-collapse:collapse;padding:3px 3px 3px 3px">
<tr style="text-align:center;font-weight:bold;background:#9CBCE2">
<td>1102</td>
</tr>
<tr>
<td>
<table style="font-family:Arial,Verdana,Times;font-size:12px;text-align:left;width:100%;border-spacing:0px; padding:3px 3px 3px 3px">
<tr>
<td>Name</td>
<td>1102</td>
</tr>
<tr bgcolor="#D4E4F3">
<td>FolderPath</td>
<td>Document</td>
</tr>
<tr>
<td>SymbolID</td>
<td>0</td>
</tr>
<tr bgcolor="#D4E4F3">
<td>AltMode</td>
<td>0</td>
</tr>
<tr>
<td>Base</td>
<td>0</td>
</tr>
<tr bgcolor="#D4E4F3">
<td>Clamped</td>
<td>-1</td>
</tr>
<tr>
<td>Extruded</td>
<td>0</td>
</tr>
<tr bgcolor="#D4E4F3">
<td>Snippet</td>
<td></td>
</tr>
<tr>
<td>PopupInfo</td>
<td></td>
</tr>
</table>
</td>
</tr>
</table>
</body><script type="text/javascript">
				function changeImage(attElement, nameElement) {
				document.getElementById('imageAttachment').src = attElement;
				document.getElementById('imageName').innerHTML = nameElement;}
			</script></html>
]]></description>
      <styleUrl>#PolyStyle00</styleUrl>
      <MultiGeometry>
        <Polygon>
          <extrude>0</extrude><altitudeMode>clampToGround</altitudeMode>
          <outerBoundaryIs><LinearRing><coordinates> -104.3654319999999,40.68677600000007,0 -104.3649379999999,40.68676700000003,0 -104.36459,40.68664900000005,0 -104.3638309999999,40.68629100000004,0 -104.363301,40.68601400000006,0 -104.362824,40.68561200000005,0 -104.362562,40.68536500000005,0 -104.362019,40.68522000000007,0 -104.361437,40.68514200000004,0 -104.360916,40.68514700000003,0 -104.360083,40.68608000000006,0 -104.359931,40.68620000000004,0 -104.359748,40.68629900000008,0 -104.359484,40.68626500000005,0 -104.359295,40.68610400000006,0 -104.3589929999999,40.68590300000005,0 -104.35887,40.68581500000005,0 -104.358818,40.68572600000005,0 -104.358871,40.68568200000004,0 -104.358764,40.68555500000008,0 -104.358663,40.68557900000008,0 -104.358639,40.68569100000008,0 -104.3584309999999,40.68568800000003,0 -104.358313,40.68560500000007,0 -104.358128,40.68549700000005,0 -104.358128,40.68543000000005,0 -104.357921,40.68533700000006,0 -104.357721,40.68526000000003,0 -104.357489,40.68516200000005,0 -104.357228,40.68499100000002,0 -104.357064,40.68490000000003,0 -104.35691,40.68484500000005,0 -104.3568309999999,40.68472800000006,0 -104.356861,40.68463300000008,0 -104.3567649999999,40.68453900000003,0 -104.3566079999999,40.68454900000006,0 -104.356398,40.68457500000005,0 -104.356182,40.68461900000005,0 -104.356072,40.68459200000007,0 -104.355897,40.68449700000008,0 -104.355833,40.68439000000006,0 -104.3557479999999,40.68431200000003,0 -104.355554,40.68416400000007,0 -104.355541,40.68396100000007,0 -104.355484,40.68377700000008,0 -104.3554139999999,40.68369700000005,0 -104.355511,40.68354500000004,0 -104.355417,40.68330500000008,0 -104.355362,40.68309800000003,0 -104.355336,40.68291900000003,0 -104.355633,40.68290400000006,0 -104.355644,40.68294800000007,0 -104.3556609999999,40.68301500000007,0 -104.355656,40.68309600000003,0 -104.3557709999999,40.68314000000004,0 -104.355763,40.68306700000005,0 -104.3557519999999,40.68285000000003,0 -104.355215,40.68287400000003,0 -104.3553659999999,40.68342200000006,0 -104.3554109999999,40.68353800000006,0 -104.3553469999999,40.68375500000008,0 -104.355467,40.68391900000006,0 -104.355396,40.68401800000004,0 -104.35551,40.68428900000004,0 -104.355651,40.68433900000008,0 -104.355766,40.68443200000007,0 -104.3559059999999,40.68458100000004,0 -104.356093,40.68470800000006,0 -104.356349,40.68463400000007,0 -104.3566749999999,40.68462300000004,0 -104.356746,40.68469800000003,0 -104.3567429999999,40.68488700000006,0 -104.357007,40.68498400000004,0 -104.3575309999999,40.68525600000004,0 -104.357827,40.68534900000003,0 -104.3581359999999,40.68556800000005,0 -104.35837,40.68572700000004,0 -104.3586529999999,40.68577100000005,0 -104.358817,40.68601800000005,0 -104.359056,40.68611500000003,0 -104.359203,40.68616100000003,0 -104.359292,40.68628900000004,0 -104.359581,40.68639100000007,0 -104.3598269999999,40.68633800000003,0 -104.360333,40.68589900000006,0 -104.361099,40.68523400000004,0 -104.3615379999999,40.68531100000007,0 -104.3623899999999,40.68549900000005,0 -104.3628879999999,40.68587000000008,0 -104.3638979999999,40.68641500000007,0 -104.364296,40.68658300000004,0 -104.364427,40.68691400000006,0 -104.3648709999999,40.68716400000005,0 -104.365219,40.68711300000007,0 -104.36519,40.68686800000006,0 -104.3654319999999,40.68677600000007,0</coordinates></LinearRing></outerBoundaryIs>
        </Polygon>
      </MultiGeometry>
    </Placemark>
    <Placemark id="ID_00028">
      <name>1611</name>
      <snippet></snippet>
      <description><![CDATA[<html xmlns:fo="http://www.w3.org/1999/XSL/Format" xmlns:msxsl="urn:schemas-microsoft-com:xslt">
<head>
<META http-equiv="Content-Type" content="text/html">
<meta http-equiv="content-type" content="text/html; charset=UTF-8">
</head>
<body style="margin:0px 0px 0px 0px;overflow:auto;background:#FFFFFF;">
<table style="font-family:Arial,Verdana,Times;font-size:12px;text-align:left;width:100%;border-collapse:collapse;padding:3px 3px 3px 3px">
<tr style="text-align:center;font-weight:bold;background:#9CBCE2">
<td>1611</td>
</tr>
<tr>
<td>
<table style="font-family:Arial,Verdana,Times;font-size:12px;text-align:left;width:100%;border-spacing:0px; padding:3px 3px 3px 3px">
<tr>
<td>Name</td>
<td>1611</td>
</tr>
<tr bgcolor="#D4E4F3">
<td>FolderPath</td>
<td>Document</td>
</tr>
<tr>
<td>SymbolID</td>
<td>0</td>
</tr>
<tr bgcolor="#D4E4F3">
<td>AltMode</td>
<td>0</td>
</tr>
<tr>
<td>Base</td>
<td>0</td>
</tr>
<tr bgcolor="#D4E4F3">
<td>Clamped</td>
<td>-1</td>
</tr>
<tr>
<td>Extruded</td>
<td>0</td>
</tr>
<tr bgcolor="#D4E4F3">
<td>Snippet</td>
<td></td>
</tr>
<tr>
<td>PopupInfo</td>
<td></td>
</tr>
</table>
</td>
</tr>
</table>
</body><script type="text/javascript">
				function changeImage(attElement, nameElement) {
				document.getElementById('imageAttachment').src = attElement;
				document.getElementById('imageName').innerHTML = nameElement;}
			</script></html>
]]></description>
      <styleUrl>#PolyStyle00</styleUrl>
      <MultiGeometry>
        <Polygon>
          <extrude>0</extrude><altitudeMode>clampToGround</altitudeMode>
          <outerBoundaryIs><LinearRing><coordinates> -104.605248,40.00222200000007,0 -104.6043529999999,40.00247500000006,0 -104.6038,40.00259700000004,0 -104.603449,40.00286600000004,0 -104.6033619999999,40.00323000000003,0 -104.6034289999999,40.00360600000005,0 -104.603311,40.00386700000007,0 -104.602949,40.00436700000006,0 -104.602342,40.00455200000005,0 -104.601707,40.00462500000003,0 -104.601457,40.00476500000008,0 -104.601528,40.00489400000004,0 -104.601949,40.00508400000007,0 -104.602449,40.00517200000007,0 -104.602859,40.00533900000005,0 -104.603111,40.00551300000006,0 -104.603287,40.00552900000002,0 -104.6034989999999,40.00537400000007,0 -104.603146,40.00506900000005,0 -104.603175,40.00490500000006,0 -104.603548,40.00492500000007,0 -104.603689,40.00469800000008,0 -104.604337,40.00464200000005,0 -104.604689,40.00447700000007,0 -104.6047119999999,40.00429800000006,0 -104.60484,40.00414200000006,0 -104.605468,40.00387700000005,0 -104.605845,40.00368700000007,0 -104.605881,40.00339600000007,0 -104.605824,40.00318800000008,0 -104.605551,40.00306900000004,0 -104.605394,40.00319800000005,0 -104.604904,40.00351000000006,0 -104.6046249999999,40.00363700000003,0 -104.60445,40.00337600000006,0 -104.6049859999999,40.00312900000006,0 -104.605515,40.00284400000004,0 -104.605701,40.00263400000006,0 -104.605713,40.00236100000006,0 -104.605248,40.00222200000007,0</coordinates></LinearRing></outerBoundaryIs>
        </Polygon>
      </MultiGeometry>
    </Placemark>
    <Placemark id="ID_00029">
      <name>1774</name>
      <snippet></snippet>
      <description><![CDATA[<html xmlns:fo="http://www.w3.org/1999/XSL/Format" xmlns:msxsl="urn:schemas-microsoft-com:xslt">
<head>
<META http-equiv="Content-Type" content="text/html">
<meta http-equiv="content-type" content="text/html; charset=UTF-8">
</head>
<body style="margin:0px 0px 0px 0px;overflow:auto;background:#FFFFFF;">
<table style="font-family:Arial,Verdana,Times;font-size:12px;text-align:left;width:100%;border-collapse:collapse;padding:3px 3px 3px 3px">
<tr style="text-align:center;font-weight:bold;background:#9CBCE2">
<td>1774</td>
</tr>
<tr>
<td>
<table style="font-family:Arial,Verdana,Times;font-size:12px;text-align:left;width:100%;border-spacing:0px; padding:3px 3px 3px 3px">
<tr>
<td>Name</td>
<td>1774</td>
</tr>
<tr bgcolor="#D4E4F3">
<td>FolderPath</td>
<td>Document</td>
</tr>
<tr>
<td>SymbolID</td>
<td>0</td>
</tr>
<tr bgcolor="#D4E4F3">
<td>AltMode</td>
<td>0</td>
</tr>
<tr>
<td>Base</td>
<td>0</td>
</tr>
<tr bgcolor="#D4E4F3">
<td>Clamped</td>
<td>-1</td>
</tr>
<tr>
<td>Extruded</td>
<td>0</td>
</tr>
<tr bgcolor="#D4E4F3">
<td>Snippet</td>
<td></td>
</tr>
<tr>
<td>PopupInfo</td>
<td></td>
</tr>
</table>
</td>
</tr>
</table>
</body><script type="text/javascript">
				function changeImage(attElement, nameElement) {
				document.getElementById('imageAttachment').src = attElement;
				document.getElementById('imageName').innerHTML = nameElement;}
			</script></html>
]]></description>
      <styleUrl>#PolyStyle00</styleUrl>
      <MultiGeometry>
        <Polygon>
          <extrude>0</extrude><altitudeMode>clampToGround</altitudeMode>
          <outerBoundaryIs><LinearRing><coordinates> -104.889866,39.20268700000003,0 -104.890148,39.20245700000004,0 -104.890383,39.20213600000005,0 -104.890754,39.20200600000004,0 -104.890877,39.20180600000003,0 -104.891005,39.20130300000005,0 -104.891352,39.20101000000005,0 -104.891271,39.20078900000004,0 -104.891152,39.20023000000003,0 -104.890944,39.19988300000006,0 -104.891022,39.19966800000003,0 -104.8908939999999,39.19954900000005,0 -104.8908479999999,39.19923500000004,0 -104.8907139999999,39.19884900000005,0 -104.890778,39.19836000000004,0 -104.890853,39.19804900000003,0 -104.890606,39.19802100000004,0 -104.890481,39.19737800000007,0 -104.89,39.19739900000008,0 -104.8899039999999,39.19799900000004,0 -104.890009,39.19834000000003,0 -104.8903,39.19864400000006,0 -104.8900849999999,39.19934400000005,0 -104.8902889999999,39.19952000000006,0 -104.8902889999999,39.19997500000005,0 -104.890501,39.20025700000008,0 -104.8906229999999,39.20071300000006,0 -104.890166,39.20130600000005,0 -104.890163,39.20175100000006,0 -104.889855,39.20187900000008,0 -104.889398,39.20218400000005,0 -104.8889839999999,39.20270100000005,0 -104.889866,39.20268700000003,0</coordinates></LinearRing></outerBoundaryIs>
        </Polygon>
      </MultiGeometry>
    </Placemark>
    <Placemark id="ID_00030">
      <name>1610</name>
      <snippet></snippet>
      <description><![CDATA[<html xmlns:fo="http://www.w3.org/1999/XSL/Format" xmlns:msxsl="urn:schemas-microsoft-com:xslt">
<head>
<META http-equiv="Content-Type" content="text/html">
<meta http-equiv="content-type" content="text/html; charset=UTF-8">
</head>
<body style="margin:0px 0px 0px 0px;overflow:auto;background:#FFFFFF;">
<table style="font-family:Arial,Verdana,Times;font-size:12px;text-align:left;width:100%;border-collapse:collapse;padding:3px 3px 3px 3px">
<tr style="text-align:center;font-weight:bold;background:#9CBCE2">
<td>1610</td>
</tr>
<tr>
<td>
<table style="font-family:Arial,Verdana,Times;font-size:12px;text-align:left;width:100%;border-spacing:0px; padding:3px 3px 3px 3px">
<tr>
<td>Name</td>
<td>1610</td>
</tr>
<tr bgcolor="#D4E4F3">
<td>FolderPath</td>
<td>Document</td>
</tr>
<tr>
<td>SymbolID</td>
<td>0</td>
</tr>
<tr bgcolor="#D4E4F3">
<td>AltMode</td>
<td>0</td>
</tr>
<tr>
<td>Base</td>
<td>0</td>
</tr>
<tr bgcolor="#D4E4F3">
<td>Clamped</td>
<td>-1</td>
</tr>
<tr>
<td>Extruded</td>
<td>0</td>
</tr>
<tr bgcolor="#D4E4F3">
<td>Snippet</td>
<td></td>
</tr>
<tr>
<td>PopupInfo</td>
<td></td>
</tr>
</table>
</td>
</tr>
</table>
</body><script type="text/javascript">
				function changeImage(attElement, nameElement) {
				document.getElementById('imageAttachment').src = attElement;
				document.getElementById('imageName').innerHTML = nameElement;}
			</script></html>
]]></description>
      <styleUrl>#PolyStyle00</styleUrl>
      <MultiGeometry>
        <Polygon>
          <extrude>0</extrude><altitudeMode>clampToGround</altitudeMode>
          <outerBoundaryIs><LinearRing><coordinates> -104.280949,39.73888400000004,0 -104.278914,39.74037600000003,0 -104.277772,39.74089300000003,0 -104.2776459999999,39.74135200000006,0 -104.277006,39.74161000000004,0 -104.27645,39.74172200000004,0 -104.275628,39.74196500000005,0 -104.275084,39.74234800000005,0 -104.274713,39.74244200000004,0 -104.274125,39.74251000000004,0 -104.273542,39.74250100000006,0 -104.2732559999999,39.74240900000007,0 -104.273074,39.74201500000004,0 -104.272706,39.74190000000004,0 -104.272384,39.74196300000006,0 -104.2721529999999,39.74186000000003,0 -104.271758,39.74179400000003,0 -104.2713219999999,39.74206000000004,0 -104.270763,39.74208000000004,0 -104.2705769999999,39.74189900000005,0 -104.269875,39.74175200000008,0 -104.269576,39.74198900000005,0 -104.2697459999999,39.74240700000007,0 -104.2696329999999,39.74286100000006,0 -104.2690259999999,39.74292100000008,0 -104.268379,39.74316800000003,0 -104.268288,39.74362500000007,0 -104.268362,39.74411300000003,0 -104.267557,39.74416600000006,0 -104.266824,39.74444300000005,0 -104.266754,39.74478000000005,0 -104.266533,39.74504000000007,0 -104.266216,39.74483300000003,0 -104.265799,39.74498700000004,0 -104.265908,39.74524700000006,0 -104.264936,39.74507000000006,0 -104.264914,39.74535400000008,0 -104.265296,39.74526000000003,0 -104.266103,39.74549400000006,0 -104.266199,39.74511000000007,0 -104.266559,39.74519300000003,0 -104.267175,39.74490300000008,0 -104.26734,39.74459300000007,0 -104.2680339999999,39.74498300000005,0 -104.2684859999999,39.74475600000005,0 -104.268624,39.74427600000007,0 -104.269208,39.74390700000004,0 -104.269908,39.74386100000004,0 -104.2707359999999,39.74366200000003,0 -104.271272,39.74357600000008,0 -104.271542,39.74310800000006,0 -104.272285,39.74293300000005,0 -104.27322,39.74286700000005,0 -104.273632,39.74315700000005,0 -104.274211,39.74313700000005,0 -104.2745199999999,39.74277100000006,0 -104.2753309999999,39.74258300000002,0 -104.2759789999999,39.74216700000005,0 -104.2768119999999,39.74193300000007,0 -104.277631,39.74196600000005,0 -104.2780729999999,39.74225300000006,0 -104.278425,39.74289700000003,0 -104.279738,39.74325300000004,0 -104.280382,39.74299900000005,0 -104.281193,39.74295900000004,0 -104.28342,39.74296300000003,0 -104.284098,39.74316700000003,0 -104.284072,39.74293300000005,0 -104.283377,39.74274500000007,0 -104.282969,39.74286400000005,0 -104.282137,39.74285700000007,0 -104.282879,39.74259600000005,0 -104.283377,39.74231600000007,0 -104.283939,39.74181800000008,0 -104.2839519999999,39.74154700000003,0 -104.283313,39.74210200000005,0 -104.282755,39.74238500000007,0 -104.28218,39.74254700000006,0 -104.281777,39.74275200000005,0 -104.281202,39.74273200000005,0 -104.2804859999999,39.74271900000008,0 -104.279683,39.74297300000006,0 -104.279027,39.74279100000007,0 -104.278632,39.74243100000007,0 -104.278452,39.74201900000003,0 -104.2782759999999,39.74171200000006,0 -104.278658,39.74149800000004,0 -104.278765,39.74115800000004,0 -104.2791809999999,39.74096600000007,0 -104.279512,39.74069200000002,0 -104.2799879999999,39.74031000000008,0 -104.280623,39.74011500000006,0 -104.281121,39.73989400000005,0 -104.281348,39.73952400000007,0 -104.281644,39.73886800000002,0 -104.280949,39.73888400000004,0</coordinates></LinearRing></outerBoundaryIs>
        </Polygon>
      </MultiGeometry>
    </Placemark>
    <Placemark id="ID_00031">
      <name>1966</name>
      <snippet></snippet>
      <description><![CDATA[<html xmlns:fo="http://www.w3.org/1999/XSL/Format" xmlns:msxsl="urn:schemas-microsoft-com:xslt">
<head>
<META http-equiv="Content-Type" content="text/html">
<meta http-equiv="content-type" content="text/html; charset=UTF-8">
</head>
<body style="margin:0px 0px 0px 0px;overflow:auto;background:#FFFFFF;">
<table style="font-family:Arial,Verdana,Times;font-size:12px;text-align:left;width:100%;border-collapse:collapse;padding:3px 3px 3px 3px">
<tr style="text-align:center;font-weight:bold;background:#9CBCE2">
<td>1966</td>
</tr>
<tr>
<td>
<table style="font-family:Arial,Verdana,Times;font-size:12px;text-align:left;width:100%;border-spacing:0px; padding:3px 3px 3px 3px">
<tr>
<td>Name</td>
<td>1966</td>
</tr>
<tr bgcolor="#D4E4F3">
<td>FolderPath</td>
<td>Document</td>
</tr>
<tr>
<td>SymbolID</td>
<td>0</td>
</tr>
<tr bgcolor="#D4E4F3">
<td>AltMode</td>
<td>0</td>
</tr>
<tr>
<td>Base</td>
<td>0</td>
</tr>
<tr bgcolor="#D4E4F3">
<td>Clamped</td>
<td>-1</td>
</tr>
<tr>
<td>Extruded</td>
<td>0</td>
</tr>
<tr bgcolor="#D4E4F3">
<td>Snippet</td>
<td></td>
</tr>
<tr>
<td>PopupInfo</td>
<td></td>
</tr>
</table>
</td>
</tr>
</table>
</body><script type="text/javascript">
				function changeImage(attElement, nameElement) {
				document.getElementById('imageAttachment').src = attElement;
				document.getElementById('imageName').innerHTML = nameElement;}
			</script></html>
]]></description>
      <styleUrl>#PolyStyle00</styleUrl>
      <MultiGeometry>
        <Polygon>
          <extrude>0</extrude><altitudeMode>clampToGround</altitudeMode>
          <outerBoundaryIs><LinearRing><coordinates> -104.5284339999999,39.46785100000005,0 -104.5283439999999,39.46792600000003,0 -104.528399,39.46808400000003,0 -104.5285459999999,39.46820000000002,0 -104.5284579999999,39.46826900000008,0 -104.528272,39.46833800000007,0 -104.5283239999999,39.46849900000007,0 -104.528443,39.46864400000004,0 -104.528611,39.46886000000006,0 -104.528963,39.46903500000008,0 -104.529207,39.46909100000005,0 -104.529321,39.46907300000004,0 -104.529386,39.46892900000006,0 -104.529611,39.46901300000007,0 -104.5296719999999,39.46915500000006,0 -104.529871,39.46923400000003,0 -104.530116,39.46912100000003,0 -104.530333,39.46916200000004,0 -104.530404,39.46941200000003,0 -104.530242,39.46978100000007,0 -104.530219,39.47036800000006,0 -104.5306849999999,39.47068900000005,0 -104.5309129999999,39.47115200000007,0 -104.531579,39.47169800000006,0 -104.5313629999999,39.47233000000006,0 -104.5320839999999,39.47346600000003,0 -104.532154,39.47374000000008,0 -104.5323779999999,39.47373900000008,0 -104.532559,39.47373400000004,0 -104.532519,39.47351500000008,0 -104.5322869999999,39.47297500000008,0 -104.531911,39.47255900000005,0 -104.531761,39.47216900000006,0 -104.5319459999999,39.47186200000004,0 -104.531909,39.47147500000005,0 -104.531558,39.47123900000003,0 -104.5312069999999,39.47097400000007,0 -104.530973,39.47063900000006,0 -104.530769,39.47036600000007,0 -104.530493,39.47009800000006,0 -104.530583,39.46983200000005,0 -104.5306659999999,39.46947000000006,0 -104.5305509999999,39.46908400000007,0 -104.530274,39.46885300000002,0 -104.529792,39.46890900000005,0 -104.529257,39.46878400000003,0 -104.528988,39.46876800000007,0 -104.5286829999999,39.46864500000004,0 -104.528586,39.46848800000004,0 -104.528666,39.46817000000004,0 -104.528735,39.46809300000007,0 -104.528716,39.46786200000003,0 -104.5284339999999,39.46785100000005,0</coordinates></LinearRing></outerBoundaryIs>
        </Polygon>
      </MultiGeometry>
    </Placemark>
    <Placemark id="ID_00032">
      <name>1717</name>
      <snippet></snippet>
      <description><![CDATA[<html xmlns:fo="http://www.w3.org/1999/XSL/Format" xmlns:msxsl="urn:schemas-microsoft-com:xslt">
<head>
<META http-equiv="Content-Type" content="text/html">
<meta http-equiv="content-type" content="text/html; charset=UTF-8">
</head>
<body style="margin:0px 0px 0px 0px;overflow:auto;background:#FFFFFF;">
<table style="font-family:Arial,Verdana,Times;font-size:12px;text-align:left;width:100%;border-collapse:collapse;padding:3px 3px 3px 3px">
<tr style="text-align:center;font-weight:bold;background:#9CBCE2">
<td>1717</td>
</tr>
<tr>
<td>
<table style="font-family:Arial,Verdana,Times;font-size:12px;text-align:left;width:100%;border-spacing:0px; padding:3px 3px 3px 3px">
<tr>
<td>Name</td>
<td>1717</td>
</tr>
<tr bgcolor="#D4E4F3">
<td>FolderPath</td>
<td>Document</td>
</tr>
<tr>
<td>SymbolID</td>
<td>0</td>
</tr>
<tr bgcolor="#D4E4F3">
<td>AltMode</td>
<td>0</td>
</tr>
<tr>
<td>Base</td>
<td>0</td>
</tr>
<tr bgcolor="#D4E4F3">
<td>Clamped</td>
<td>-1</td>
</tr>
<tr>
<td>Extruded</td>
<td>0</td>
</tr>
<tr bgcolor="#D4E4F3">
<td>Snippet</td>
<td></td>
</tr>
<tr>
<td>PopupInfo</td>
<td></td>
</tr>
</table>
</td>
</tr>
</table>
</body><script type="text/javascript">
				function changeImage(attElement, nameElement) {
				document.getElementById('imageAttachment').src = attElement;
				document.getElementById('imageName').innerHTML = nameElement;}
			</script></html>
]]></description>
      <styleUrl>#PolyStyle00</styleUrl>
      <MultiGeometry>
        <Polygon>
          <extrude>0</extrude><altitudeMode>clampToGround</altitudeMode>
          <outerBoundaryIs><LinearRing><coordinates> -105.214544,39.99999100000008,0 -105.214596,39.99976800000007,0 -105.215223,39.99977700000005,0 -105.214573,39.99902200000002,0 -105.2146299999999,39.99787400000002,0 -105.21502,39.99668600000007,0 -105.215832,39.99611100000004,0 -105.216086,39.99424400000004,0 -105.216731,39.99330700000007,0 -105.216942,39.99299400000007,0 -105.216712,39.99203400000005,0 -105.216606,39.99097200000006,0 -105.218985,39.98915500000004,0 -105.215791,39.98882100000003,0 -105.214458,39.99032300000005,0 -105.2146,39.99098200000003,0 -105.21275,39.99383800000004,0 -105.212803,39.99999500000007,0 -105.214544,39.99999100000008,0</coordinates></LinearRing></outerBoundaryIs>
        </Polygon>
      </MultiGeometry>
    </Placemark>
    <Placemark id="ID_00033">
      <name>1960</name>
      <snippet></snippet>
      <description><![CDATA[<html xmlns:fo="http://www.w3.org/1999/XSL/Format" xmlns:msxsl="urn:schemas-microsoft-com:xslt">
<head>
<META http-equiv="Content-Type" content="text/html">
<meta http-equiv="content-type" content="text/html; charset=UTF-8">
</head>
<body style="margin:0px 0px 0px 0px;overflow:auto;background:#FFFFFF;">
<table style="font-family:Arial,Verdana,Times;font-size:12px;text-align:left;width:100%;border-collapse:collapse;padding:3px 3px 3px 3px">
<tr style="text-align:center;font-weight:bold;background:#9CBCE2">
<td>1960</td>
</tr>
<tr>
<td>
<table style="font-family:Arial,Verdana,Times;font-size:12px;text-align:left;width:100%;border-spacing:0px; padding:3px 3px 3px 3px">
<tr>
<td>Name</td>
<td>1960</td>
</tr>
<tr bgcolor="#D4E4F3">
<td>FolderPath</td>
<td>Document</td>
</tr>
<tr>
<td>SymbolID</td>
<td>0</td>
</tr>
<tr bgcolor="#D4E4F3">
<td>AltMode</td>
<td>0</td>
</tr>
<tr>
<td>Base</td>
<td>0</td>
</tr>
<tr bgcolor="#D4E4F3">
<td>Clamped</td>
<td>-1</td>
</tr>
<tr>
<td>Extruded</td>
<td>0</td>
</tr>
<tr bgcolor="#D4E4F3">
<td>Snippet</td>
<td></td>
</tr>
<tr>
<td>PopupInfo</td>
<td></td>
</tr>
</table>
</td>
</tr>
</table>
</body><script type="text/javascript">
				function changeImage(attElement, nameElement) {
				document.getElementById('imageAttachment').src = attElement;
				document.getElementById('imageName').innerHTML = nameElement;}
			</script></html>
]]></description>
      <styleUrl>#PolyStyle00</styleUrl>
      <MultiGeometry>
        <Polygon>
          <extrude>0</extrude><altitudeMode>clampToGround</altitudeMode>
          <outerBoundaryIs><LinearRing><coordinates> -105.115129,39.14788700000003,0 -105.115076,39.14793200000003,0 -105.115176,39.14793000000003,0 -105.1152969999999,39.14785300000005,0 -105.115529,39.14760100000007,0 -105.11635,39.14735400000006,0 -105.116599,39.14718800000003,0 -105.116969,39.14708400000006,0 -105.117228,39.14691300000004,0 -105.117377,39.14654000000007,0 -105.117598,39.14625600000005,0 -105.117809,39.14557500000006,0 -105.117699,39.14541600000007,0 -105.117445,39.14530500000006,0 -105.117106,39.14537600000006,0 -105.1168939999999,39.14560700000004,0 -105.116689,39.14593400000007,0 -105.116573,39.14643200000006,0 -105.1164659999999,39.14682400000004,0 -105.116337,39.14701600000006,0 -105.116004,39.14725300000003,0 -105.115648,39.14737300000007,0 -105.115558,39.14749200000006,0 -105.115352,39.14766600000007,0 -105.115265,39.14780600000006,0 -105.115129,39.14788700000003,0</coordinates></LinearRing></outerBoundaryIs>
        </Polygon>
      </MultiGeometry>
    </Placemark>
    <Placemark id="ID_00034">
      <name>1785</name>
      <snippet></snippet>
      <description><![CDATA[<html xmlns:fo="http://www.w3.org/1999/XSL/Format" xmlns:msxsl="urn:schemas-microsoft-com:xslt">
<head>
<META http-equiv="Content-Type" content="text/html">
<meta http-equiv="content-type" content="text/html; charset=UTF-8">
</head>
<body style="margin:0px 0px 0px 0px;overflow:auto;background:#FFFFFF;">
<table style="font-family:Arial,Verdana,Times;font-size:12px;text-align:left;width:100%;border-collapse:collapse;padding:3px 3px 3px 3px">
<tr style="text-align:center;font-weight:bold;background:#9CBCE2">
<td>1785</td>
</tr>
<tr>
<td>
<table style="font-family:Arial,Verdana,Times;font-size:12px;text-align:left;width:100%;border-spacing:0px; padding:3px 3px 3px 3px">
<tr>
<td>Name</td>
<td>1785</td>
</tr>
<tr bgcolor="#D4E4F3">
<td>FolderPath</td>
<td>Document</td>
</tr>
<tr>
<td>SymbolID</td>
<td>0</td>
</tr>
<tr bgcolor="#D4E4F3">
<td>AltMode</td>
<td>0</td>
</tr>
<tr>
<td>Base</td>
<td>0</td>
</tr>
<tr bgcolor="#D4E4F3">
<td>Clamped</td>
<td>-1</td>
</tr>
<tr>
<td>Extruded</td>
<td>0</td>
</tr>
<tr bgcolor="#D4E4F3">
<td>Snippet</td>
<td></td>
</tr>
<tr>
<td>PopupInfo</td>
<td></td>
</tr>
</table>
</td>
</tr>
</table>
</body><script type="text/javascript">
				function changeImage(attElement, nameElement) {
				document.getElementById('imageAttachment').src = attElement;
				document.getElementById('imageName').innerHTML = nameElement;}
			</script></html>
]]></description>
      <styleUrl>#PolyStyle00</styleUrl>
      <MultiGeometry>
        <Polygon>
          <extrude>0</extrude><altitudeMode>clampToGround</altitudeMode>
          <outerBoundaryIs><LinearRing><coordinates> -104.741181,39.18156300000004,0 -104.741255,39.18167500000004,0 -104.741383,39.18179200000003,0 -104.741432,39.18206200000003,0 -104.741389,39.18217900000008,0 -104.7411279999999,39.18232900000004,0 -104.740923,39.18244600000003,0 -104.74064,39.18241600000005,0 -104.740558,39.18262900000008,0 -104.740155,39.18268100000006,0 -104.739229,39.18265800000006,0 -104.738648,39.18267900000006,0 -104.7381119999999,39.18252300000006,0 -104.738028,39.18269300000003,0 -104.737733,39.18312400000008,0 -104.7375279999999,39.18380300000007,0 -104.73726,39.18414000000007,0 -104.73743,39.18462800000003,0 -104.737745,39.18493400000006,0 -104.73823,39.18515500000007,0 -104.738033,39.18554000000006,0 -104.737747,39.18551200000007,0 -104.7373709999999,39.18545800000004,0 -104.736686,39.18570400000004,0 -104.736205,39.18592600000005,0 -104.735879,39.18604100000005,0 -104.735664,39.18646600000005,0 -104.735554,39.18671800000004,0 -104.734948,39.18707300000005,0 -104.734933,39.18743600000005,0 -104.7351639999999,39.18781500000006,0 -104.735557,39.18778900000007,0 -104.737006,39.18780700000008,0 -104.737352,39.18774900000005,0 -104.7373259999999,39.18754100000007,0 -104.737266,39.18727700000005,0 -104.737137,39.18703900000003,0 -104.73716,39.18667600000003,0 -104.737197,39.18641100000008,0 -104.7375709999999,39.18636100000003,0 -104.737846,39.18637300000006,0 -104.7379319999999,39.18629100000004,0 -104.7380919999999,39.18611400000003,0 -104.7385409999999,39.18590300000005,0 -104.738815,39.18579800000003,0 -104.739313,39.18556200000006,0 -104.739408,39.18530300000003,0 -104.739422,39.18501900000007,0 -104.739378,39.18459900000005,0 -104.739446,39.18436000000003,0 -104.739725,39.18363200000005,0 -104.73955,39.18342500000006,0 -104.74027,39.18307700000003,0 -104.740787,39.18283000000002,0 -104.74138,39.18251200000003,0 -104.741832,39.18233000000004,0 -104.742085,39.18210400000004,0 -104.742198,39.18174800000003,0 -104.741181,39.18156300000004,0</coordinates></LinearRing></outerBoundaryIs>
        </Polygon>
      </MultiGeometry>
    </Placemark>
    <Placemark id="ID_00035">
      <name>603</name>
      <snippet></snippet>
      <description><![CDATA[<html xmlns:fo="http://www.w3.org/1999/XSL/Format" xmlns:msxsl="urn:schemas-microsoft-com:xslt">
<head>
<META http-equiv="Content-Type" content="text/html">
<meta http-equiv="content-type" content="text/html; charset=UTF-8">
</head>
<body style="margin:0px 0px 0px 0px;overflow:auto;background:#FFFFFF;">
<table style="font-family:Arial,Verdana,Times;font-size:12px;text-align:left;width:100%;border-collapse:collapse;padding:3px 3px 3px 3px">
<tr style="text-align:center;font-weight:bold;background:#9CBCE2">
<td>603</td>
</tr>
<tr>
<td>
<table style="font-family:Arial,Verdana,Times;font-size:12px;text-align:left;width:100%;border-spacing:0px; padding:3px 3px 3px 3px">
<tr>
<td>Name</td>
<td>603</td>
</tr>
<tr bgcolor="#D4E4F3">
<td>FolderPath</td>
<td>Document</td>
</tr>
<tr>
<td>SymbolID</td>
<td>0</td>
</tr>
<tr bgcolor="#D4E4F3">
<td>AltMode</td>
<td>0</td>
</tr>
<tr>
<td>Base</td>
<td>0</td>
</tr>
<tr bgcolor="#D4E4F3">
<td>Clamped</td>
<td>-1</td>
</tr>
<tr>
<td>Extruded</td>
<td>0</td>
</tr>
<tr bgcolor="#D4E4F3">
<td>Snippet</td>
<td></td>
</tr>
<tr>
<td>PopupInfo</td>
<td></td>
</tr>
</table>
</td>
</tr>
</table>
</body><script type="text/javascript">
				function changeImage(attElement, nameElement) {
				document.getElementById('imageAttachment').src = attElement;
				document.getElementById('imageName').innerHTML = nameElement;}
			</script></html>
]]></description>
      <styleUrl>#PolyStyle00</styleUrl>
      <MultiGeometry>
        <Polygon>
          <extrude>0</extrude><altitudeMode>clampToGround</altitudeMode>
          <outerBoundaryIs><LinearRing><coordinates> -105.073873,39.43886400000008,0 -105.073943,39.43957100000006,0 -105.07404,39.43961300000007,0 -105.074201,39.43959800000005,0 -105.074359,39.43950500000005,0 -105.074506,39.43939900000004,0 -105.074645,39.43947300000008,0 -105.074844,39.43949000000003,0 -105.074774,39.43935600000003,0 -105.0747019999999,39.43921700000004,0 -105.0746799999999,39.43902500000007,0 -105.074774,39.43890100000004,0 -105.0746799999999,39.43874300000004,0 -105.0745469999999,39.43860200000006,0 -105.074377,39.43858100000006,0 -105.074247,39.43870200000003,0 -105.0741179999999,39.43863600000003,0 -105.074013,39.43876600000004,0 -105.073873,39.43886400000008,0</coordinates></LinearRing></outerBoundaryIs>
        </Polygon>
      </MultiGeometry>
    </Placemark>
    <Placemark id="ID_00036">
      <name>674</name>
      <snippet></snippet>
      <description><![CDATA[<html xmlns:fo="http://www.w3.org/1999/XSL/Format" xmlns:msxsl="urn:schemas-microsoft-com:xslt">
<head>
<META http-equiv="Content-Type" content="text/html">
<meta http-equiv="content-type" content="text/html; charset=UTF-8">
</head>
<body style="margin:0px 0px 0px 0px;overflow:auto;background:#FFFFFF;">
<table style="font-family:Arial,Verdana,Times;font-size:12px;text-align:left;width:100%;border-collapse:collapse;padding:3px 3px 3px 3px">
<tr style="text-align:center;font-weight:bold;background:#9CBCE2">
<td>674</td>
</tr>
<tr>
<td>
<table style="font-family:Arial,Verdana,Times;font-size:12px;text-align:left;width:100%;border-spacing:0px; padding:3px 3px 3px 3px">
<tr>
<td>Name</td>
<td>674</td>
</tr>
<tr bgcolor="#D4E4F3">
<td>FolderPath</td>
<td>Document</td>
</tr>
<tr>
<td>SymbolID</td>
<td>0</td>
</tr>
<tr bgcolor="#D4E4F3">
<td>AltMode</td>
<td>0</td>
</tr>
<tr>
<td>Base</td>
<td>0</td>
</tr>
<tr bgcolor="#D4E4F3">
<td>Clamped</td>
<td>-1</td>
</tr>
<tr>
<td>Extruded</td>
<td>0</td>
</tr>
<tr bgcolor="#D4E4F3">
<td>Snippet</td>
<td></td>
</tr>
<tr>
<td>PopupInfo</td>
<td></td>
</tr>
</table>
</td>
</tr>
</table>
</body><script type="text/javascript">
				function changeImage(attElement, nameElement) {
				document.getElementById('imageAttachment').src = attElement;
				document.getElementById('imageName').innerHTML = nameElement;}
			</script></html>
]]></description>
      <styleUrl>#PolyStyle00</styleUrl>
      <MultiGeometry>
        <Polygon>
          <extrude>0</extrude><altitudeMode>clampToGround</altitudeMode>
          <outerBoundaryIs><LinearRing><coordinates> -104.729191,39.32110500000005,0 -104.729057,39.32116100000007,0 -104.729179,39.32132100000007,0 -104.7297609999999,39.32156400000008,0 -104.730128,39.32177700000005,0 -104.730261,39.32187200000004,0 -104.730274,39.32201900000007,0 -104.730128,39.32215800000006,0 -104.7300739999999,39.32244000000003,0 -104.729931,39.32257200000004,0 -104.7296919999999,39.32263600000005,0 -104.7291949999999,39.32269200000007,0 -104.728987,39.32267900000005,0 -104.7285679999999,39.32264900000007,0 -104.728029,39.32269500000007,0 -104.727804,39.32275700000002,0 -104.7275999999999,39.32291500000008,0 -104.72747,39.32312100000007,0 -104.7273939999999,39.32336400000003,0 -104.727242,39.32342400000005,0 -104.727266,39.32350600000007,0 -104.727266,39.32368200000008,0 -104.7273499999999,39.32380000000006,0 -104.727316,39.32396200000005,0 -104.727183,39.32425200000006,0 -104.727176,39.32447700000006,0 -104.727166,39.32471900000007,0 -104.7271269999999,39.32525000000004,0 -104.727359,39.32532000000003,0 -104.727338,39.32501000000008,0 -104.7273939999999,39.32459900000003,0 -104.727338,39.32440400000007,0 -104.7273729999999,39.32411800000006,0 -104.727584,39.32380000000006,0 -104.727658,39.32341600000007,0 -104.727725,39.32315000000006,0 -104.727804,39.32297900000003,0 -104.727984,39.32288300000005,0 -104.728357,39.32290300000005,0 -104.728576,39.32286900000003,0 -104.728774,39.32289800000007,0 -104.7291069999999,39.32291400000003,0 -104.7293969999999,39.32290400000005,0 -104.7296479999999,39.32288400000004,0 -104.7298469999999,39.32287400000007,0 -104.730086,39.32286000000005,0 -104.730218,39.32272500000005,0 -104.730379,39.32262700000007,0 -104.730387,39.32219400000002,0 -104.730499,39.32189600000004,0 -104.730397,39.32178300000004,0 -104.729734,39.32143700000006,0 -104.729191,39.32110500000005,0</coordinates></LinearRing></outerBoundaryIs>
        </Polygon>
      </MultiGeometry>
    </Placemark>
    <Placemark id="ID_00037">
      <name>1731</name>
      <snippet></snippet>
      <description><![CDATA[<html xmlns:fo="http://www.w3.org/1999/XSL/Format" xmlns:msxsl="urn:schemas-microsoft-com:xslt">
<head>
<META http-equiv="Content-Type" content="text/html">
<meta http-equiv="content-type" content="text/html; charset=UTF-8">
</head>
<body style="margin:0px 0px 0px 0px;overflow:auto;background:#FFFFFF;">
<table style="font-family:Arial,Verdana,Times;font-size:12px;text-align:left;width:100%;border-collapse:collapse;padding:3px 3px 3px 3px">
<tr style="text-align:center;font-weight:bold;background:#9CBCE2">
<td>1731</td>
</tr>
<tr>
<td>
<table style="font-family:Arial,Verdana,Times;font-size:12px;text-align:left;width:100%;border-spacing:0px; padding:3px 3px 3px 3px">
<tr>
<td>Name</td>
<td>1731</td>
</tr>
<tr bgcolor="#D4E4F3">
<td>FolderPath</td>
<td>Document</td>
</tr>
<tr>
<td>SymbolID</td>
<td>0</td>
</tr>
<tr bgcolor="#D4E4F3">
<td>AltMode</td>
<td>0</td>
</tr>
<tr>
<td>Base</td>
<td>0</td>
</tr>
<tr bgcolor="#D4E4F3">
<td>Clamped</td>
<td>-1</td>
</tr>
<tr>
<td>Extruded</td>
<td>0</td>
</tr>
<tr bgcolor="#D4E4F3">
<td>Snippet</td>
<td></td>
</tr>
<tr>
<td>PopupInfo</td>
<td></td>
</tr>
</table>
</td>
</tr>
</table>
</body><script type="text/javascript">
				function changeImage(attElement, nameElement) {
				document.getElementById('imageAttachment').src = attElement;
				document.getElementById('imageName').innerHTML = nameElement;}
			</script></html>
]]></description>
      <styleUrl>#PolyStyle00</styleUrl>
      <MultiGeometry>
        <Polygon>
          <extrude>0</extrude><altitudeMode>clampToGround</altitudeMode>
          <outerBoundaryIs><LinearRing><coordinates> -104.849427,39.62480500000004,0 -104.849757,39.62477000000007,0 -104.849539,39.62439100000006,0 -104.848532,39.62406700000003,0 -104.84888,39.62396100000007,0 -104.8500079999999,39.62344500000006,0 -104.849479,39.62266900000003,0 -104.8487469999999,39.62280300000003,0 -104.847682,39.62296500000008,0 -104.8474429999999,39.62258500000007,0 -104.848392,39.62231200000008,0 -104.8485659999999,39.62184900000005,0 -104.84816,39.62175900000005,0 -104.847537,39.62155300000006,0 -104.8476889999999,39.62095000000005,0 -104.8472159999999,39.62058800000005,0 -104.8474189999999,39.62032000000005,0 -104.8474409999999,39.61983500000008,0 -104.847448,39.61922500000003,0 -104.846897,39.61906900000002,0 -104.846252,39.61911300000003,0 -104.845863,39.61844400000007,0 -104.845059,39.61808100000007,0 -104.844552,39.61831000000006,0 -104.843972,39.61823100000004,0 -104.8441309999999,39.61768800000004,0 -104.843334,39.61691200000007,0 -104.841479,39.61628700000006,0 -104.84145,39.61577300000005,0 -104.842661,39.61587400000008,0 -104.842813,39.61553300000003,0 -104.842277,39.61500300000006,0 -104.8426459999999,39.61490300000003,0 -104.843378,39.61486900000006,0 -104.84374,39.61456200000003,0 -104.8434789999999,39.61412700000005,0 -104.843733,39.61381300000005,0 -104.843443,39.61333900000005,0 -104.8440879999999,39.61241800000005,0 -104.844189,39.61211100000003,0 -104.843624,39.61188200000004,0 -104.8434359999999,39.61144700000006,0 -104.8445809999999,39.61125500000003,0 -104.844845,39.61108800000005,0 -104.844909,39.61024900000007,0 -104.845456,39.60909600000008,0 -104.845162,39.60814600000003,0 -104.845397,39.60747600000008,0 -104.8457759999999,39.60719700000004,0 -104.8463149999999,39.60710600000004,0 -104.8470569999999,39.60631200000006,0 -104.8478899999999,39.60595500000005,0 -104.847863,39.60553500000003,0 -104.847543,39.60559700000005,0 -104.846966,39.60598300000004,0 -104.846369,39.60645600000004,0 -104.8458239999999,39.60688400000004,0 -104.844917,39.60659600000002,0 -104.844351,39.60727100000003,0 -104.843913,39.60821200000004,0 -104.8424879999999,39.60866000000004,0 -104.842771,39.60930200000007,0 -104.8446929999999,39.60989000000006,0 -104.844191,39.61091400000004,0 -104.8429629999999,39.61131700000004,0 -104.843214,39.61210600000004,0 -104.843695,39.61227100000008,0 -104.84347,39.61272700000006,0 -104.842862,39.61348800000007,0 -104.843246,39.61391100000003,0 -104.8429849999999,39.61403000000007,0 -104.843065,39.61449900000008,0 -104.8423069999999,39.61446600000005,0 -104.84173,39.61487700000004,0 -104.842385,39.61563700000005,0 -104.8417229999999,39.61555100000004,0 -104.840997,39.61550200000005,0 -104.8407999999999,39.61586800000003,0 -104.8411409999999,39.61647200000004,0 -104.842045,39.61685000000006,0 -104.84338,39.61729800000006,0 -104.843721,39.61780800000003,0 -104.843625,39.61848300000003,0 -104.84458,39.61856900000004,0 -104.8452,39.61842500000006,0 -104.8456159999999,39.61868800000008,0 -104.845941,39.61936200000008,0 -104.846326,39.61950200000007,0 -104.847078,39.61944900000003,0 -104.8471739999999,39.61977300000007,0 -104.846838,39.62009800000004,0 -104.8471049999999,39.62027900000004,0 -104.846918,39.62059600000003,0 -104.847409,39.62115500000004,0 -104.847233,39.62169300000005,0 -104.847724,39.62198100000006,0 -104.847879,39.62217900000007,0 -104.847681,39.62228100000004,0 -104.8470619999999,39.62238000000008,0 -104.846779,39.62268000000006,0 -104.847302,39.62326800000005,0 -104.848012,39.62340800000004,0 -104.8481879999999,39.62381900000003,0 -104.848172,39.62432900000005,0 -104.849101,39.62485900000007,0 -104.849427,39.62480500000004,0</coordinates></LinearRing></outerBoundaryIs>
        </Polygon>
      </MultiGeometry>
    </Placemark>
    <Placemark id="ID_00038">
      <name>515</name>
      <snippet></snippet>
      <description><![CDATA[<html xmlns:fo="http://www.w3.org/1999/XSL/Format" xmlns:msxsl="urn:schemas-microsoft-com:xslt">
<head>
<META http-equiv="Content-Type" content="text/html">
<meta http-equiv="content-type" content="text/html; charset=UTF-8">
</head>
<body style="margin:0px 0px 0px 0px;overflow:auto;background:#FFFFFF;">
<table style="font-family:Arial,Verdana,Times;font-size:12px;text-align:left;width:100%;border-collapse:collapse;padding:3px 3px 3px 3px">
<tr style="text-align:center;font-weight:bold;background:#9CBCE2">
<td>515</td>
</tr>
<tr>
<td>
<table style="font-family:Arial,Verdana,Times;font-size:12px;text-align:left;width:100%;border-spacing:0px; padding:3px 3px 3px 3px">
<tr>
<td>Name</td>
<td>515</td>
</tr>
<tr bgcolor="#D4E4F3">
<td>FolderPath</td>
<td>Document</td>
</tr>
<tr>
<td>SymbolID</td>
<td>0</td>
</tr>
<tr bgcolor="#D4E4F3">
<td>AltMode</td>
<td>0</td>
</tr>
<tr>
<td>Base</td>
<td>0</td>
</tr>
<tr bgcolor="#D4E4F3">
<td>Clamped</td>
<td>-1</td>
</tr>
<tr>
<td>Extruded</td>
<td>0</td>
</tr>
<tr bgcolor="#D4E4F3">
<td>Snippet</td>
<td></td>
</tr>
<tr>
<td>PopupInfo</td>
<td></td>
</tr>
</table>
</td>
</tr>
</table>
</body><script type="text/javascript">
				function changeImage(attElement, nameElement) {
				document.getElementById('imageAttachment').src = attElement;
				document.getElementById('imageName').innerHTML = nameElement;}
			</script></html>
]]></description>
      <styleUrl>#PolyStyle00</styleUrl>
      <MultiGeometry>
        <Polygon>
          <extrude>0</extrude><altitudeMode>clampToGround</altitudeMode>
          <outerBoundaryIs><LinearRing><coordinates> -105.016822,40.99439700000005,0 -105.0168619999999,40.99419900000004,0 -105.016293,40.99385100000006,0 -105.015813,40.99353200000007,0 -105.0151529999999,40.99353900000006,0 -105.014686,40.99357600000008,0 -105.014471,40.99362500000007,0 -105.014269,40.99319000000003,0 -105.013819,40.99305400000003,0 -105.013385,40.99277600000005,0 -105.012551,40.99198700000005,0 -105.0119549999999,40.99154200000004,0 -105.011357,40.99134300000003,0 -105.010926,40.99116100000003,0 -105.009715,40.99057100000005,0 -105.0091409999999,40.99044300000003,0 -105.009373,40.99185800000004,0 -105.0092779999999,40.99203700000004,0 -105.009316,40.99242900000007,0 -105.0094769999999,40.99295200000006,0 -105.010274,40.99342300000006,0 -105.010812,40.99374100000006,0 -105.011175,40.99417100000005,0 -105.011047,40.99457400000006,0 -105.011134,40.99474000000004,0 -105.0113899999999,40.99485200000004,0 -105.011694,40.99499500000007,0 -105.012123,40.99508800000007,0 -105.012447,40.99537000000004,0 -105.012837,40.99554700000004,0 -105.0129919999999,40.99563600000005,0 -105.013077,40.99601100000007,0 -105.013603,40.99602800000008,0 -105.013714,40.99581500000005,0 -105.013764,40.99544400000008,0 -105.013391,40.99513800000005,0 -105.012646,40.99498100000005,0 -105.0122249999999,40.99488000000008,0 -105.011947,40.99461500000007,0 -105.011786,40.99437300000005,0 -105.0116409999999,40.99415700000003,0 -105.011477,40.99379800000003,0 -105.011109,40.99355900000006,0 -105.010698,40.99326700000006,0 -105.010283,40.99299700000006,0 -105.010163,40.99279900000005,0 -105.0097949999999,40.99266500000004,0 -105.0095929999999,40.99267000000003,0 -105.0095669999999,40.99235200000004,0 -105.009555,40.99197700000008,0 -105.010003,40.99189100000007,0 -105.010633,40.99174400000004,0 -105.0110299999999,40.99149900000003,0 -105.011357,40.99178300000005,0 -105.011924,40.99194500000004,0 -105.0123579999999,40.99224100000004,0 -105.012637,40.99257000000006,0 -105.013022,40.99288100000007,0 -105.0135529999999,40.99311800000004,0 -105.013933,40.99327700000003,0 -105.014195,40.99350000000004,0 -105.014264,40.99371700000006,0 -105.014519,40.99379900000008,0 -105.014891,40.99378500000006,0 -105.015278,40.99382000000003,0 -105.015855,40.99409600000007,0 -105.015978,40.99433900000002,0 -105.016316,40.99446500000005,0 -105.016695,40.99447000000004,0 -105.016822,40.99439700000005,0</coordinates></LinearRing></outerBoundaryIs>
        </Polygon>
      </MultiGeometry>
    </Placemark>
    <Placemark id="ID_00039">
      <name>1965</name>
      <snippet></snippet>
      <description><![CDATA[<html xmlns:fo="http://www.w3.org/1999/XSL/Format" xmlns:msxsl="urn:schemas-microsoft-com:xslt">
<head>
<META http-equiv="Content-Type" content="text/html">
<meta http-equiv="content-type" content="text/html; charset=UTF-8">
</head>
<body style="margin:0px 0px 0px 0px;overflow:auto;background:#FFFFFF;">
<table style="font-family:Arial,Verdana,Times;font-size:12px;text-align:left;width:100%;border-collapse:collapse;padding:3px 3px 3px 3px">
<tr style="text-align:center;font-weight:bold;background:#9CBCE2">
<td>1965</td>
</tr>
<tr>
<td>
<table style="font-family:Arial,Verdana,Times;font-size:12px;text-align:left;width:100%;border-spacing:0px; padding:3px 3px 3px 3px">
<tr>
<td>Name</td>
<td>1965</td>
</tr>
<tr bgcolor="#D4E4F3">
<td>FolderPath</td>
<td>Document</td>
</tr>
<tr>
<td>SymbolID</td>
<td>0</td>
</tr>
<tr bgcolor="#D4E4F3">
<td>AltMode</td>
<td>0</td>
</tr>
<tr>
<td>Base</td>
<td>0</td>
</tr>
<tr bgcolor="#D4E4F3">
<td>Clamped</td>
<td>-1</td>
</tr>
<tr>
<td>Extruded</td>
<td>0</td>
</tr>
<tr bgcolor="#D4E4F3">
<td>Snippet</td>
<td></td>
</tr>
<tr>
<td>PopupInfo</td>
<td></td>
</tr>
</table>
</td>
</tr>
</table>
</body><script type="text/javascript">
				function changeImage(attElement, nameElement) {
				document.getElementById('imageAttachment').src = attElement;
				document.getElementById('imageName').innerHTML = nameElement;}
			</script></html>
]]></description>
      <styleUrl>#PolyStyle00</styleUrl>
      <MultiGeometry>
        <Polygon>
          <extrude>0</extrude><altitudeMode>clampToGround</altitudeMode>
          <outerBoundaryIs><LinearRing><coordinates> -104.618837,39.02808200000004,0 -104.6186069999999,39.03023200000007,0 -104.618911,39.03453100000007,0 -104.61864,39.03565800000007,0 -104.619895,39.03570600000006,0 -104.622932,39.03492200000005,0 -104.624605,39.03446400000007,0 -104.626069,39.03520000000003,0 -104.627975,39.03502800000007,0 -104.628504,39.03267700000004,0 -104.6269789999999,39.03094800000008,0 -104.618837,39.02808200000004,0</coordinates></LinearRing></outerBoundaryIs>
        </Polygon>
      </MultiGeometry>
    </Placemark>
    <Placemark id="ID_00040">
      <name>1368</name>
      <snippet></snippet>
      <description><![CDATA[<html xmlns:fo="http://www.w3.org/1999/XSL/Format" xmlns:msxsl="urn:schemas-microsoft-com:xslt">
<head>
<META http-equiv="Content-Type" content="text/html">
<meta http-equiv="content-type" content="text/html; charset=UTF-8">
</head>
<body style="margin:0px 0px 0px 0px;overflow:auto;background:#FFFFFF;">
<table style="font-family:Arial,Verdana,Times;font-size:12px;text-align:left;width:100%;border-collapse:collapse;padding:3px 3px 3px 3px">
<tr style="text-align:center;font-weight:bold;background:#9CBCE2">
<td>1368</td>
</tr>
<tr>
<td>
<table style="font-family:Arial,Verdana,Times;font-size:12px;text-align:left;width:100%;border-spacing:0px; padding:3px 3px 3px 3px">
<tr>
<td>Name</td>
<td>1368</td>
</tr>
<tr bgcolor="#D4E4F3">
<td>FolderPath</td>
<td>Document</td>
</tr>
<tr>
<td>SymbolID</td>
<td>0</td>
</tr>
<tr bgcolor="#D4E4F3">
<td>AltMode</td>
<td>0</td>
</tr>
<tr>
<td>Base</td>
<td>0</td>
</tr>
<tr bgcolor="#D4E4F3">
<td>Clamped</td>
<td>0</td>
</tr>
<tr>
<td>Extruded</td>
<td>0</td>
</tr>
<tr bgcolor="#D4E4F3">
<td>Snippet</td>
<td>0</td>
</tr>
<tr>
<td>PopupInfo</td>
<td>0</td>
</tr>
</table>
</td>
</tr>
</table>
</body><script type="text/javascript">
				function changeImage(attElement, nameElement) {
				document.getElementById('imageAttachment').src = attElement;
				document.getElementById('imageName').innerHTML = nameElement;}
			</script></html>
]]></description>
      <styleUrl>#PolyStyle00</styleUrl>
      <MultiGeometry>
        <Polygon>
          <extrude>0</extrude><altitudeMode>clampToGround</altitudeMode>
          <outerBoundaryIs><LinearRing><coordinates> -105.054314661,40.98298224000007,0 -105.054310748,40.98321704300002,0 -105.054269341,40.98331365900003,0 -105.054048505,40.98331365900003,0 -105.053949739,40.98328981900005,0 -105.053903581,40.98344478000007,0 -105.053944988,40.98358970400005,0 -105.0539311859999,40.98382434300004,0 -105.05383457,40.98390715600004,0 -105.053689646,40.98374152900004,0 -105.05353092,40.98354139600008,0 -105.0534409749999,40.98352086500006,0 -105.053385996,40.98356209900004,0 -105.053275578,40.98360350600007,0 -105.05310995,40.98365181400004,0 -105.053068116,40.98364752300006,0 -105.0528408069999,40.98362421000007,0 -105.052510628,40.98345080700005,0 -105.052095853,40.98323297500008,0 -105.0519075559999,40.98313408500007,0 -105.05188155,40.98312042700007,0 -105.051567183,40.98276772200006,0 -105.0515117369999,40.98275909700004,0 -105.0513501619999,40.98273396400003,0 -105.0512604479999,40.98291339300005,0 -105.051282269,40.98295032100003,0 -105.0513501619999,40.98306521800004,0 -105.05115003,40.98315493300004,0 -105.051036735,40.98315493300004,0 -105.05103271,40.98315493300004,0 -105.050934577,40.98324006300004,0 -105.051062408,40.98345184700003,0 -105.051191436,40.98366561600005,0 -105.051191436,40.98390025500004,0 -105.051322558,40.98406588200004,0 -105.051736626,40.98421080600008,0 -105.0520816819999,40.98436953200007,0 -105.052597444,40.98479561600004,0 -105.052944324,40.98485261100006,0 -105.053413601,40.98512175500008,0 -105.053413601,40.98543230600006,0 -105.053365293,40.98570145100007,0 -105.053372215,40.98581681900004,0 -105.053449268,40.98603000600008,0 -105.053491745,40.98607779500003,0 -105.0535926329999,40.98618399200006,0 -105.0536829,40.98624771000004,0 -105.0538368859999,40.98629018900004,0 -105.0540492809999,40.98637514600006,0 -105.054134237,40.98643355500008,0 -105.0543731819999,40.98644948400005,0 -105.054484687,40.98641231500005,0 -105.054612124,40.98640700500005,0 -105.0546758419999,40.98643355500008,0 -105.05475549,40.98648134300004,0 -105.0548404469999,40.98656630100004,0 -105.054994433,40.98657161100004,0 -105.05510063,40.98653975200006,0 -105.055530728,40.98641762500006,0 -105.055743122,40.98635390700008,0 -105.055939587,40.98626363900007,0 -105.0559718489999,40.98624549200008,0 -105.056109502,40.98616806200005,0 -105.0561254309999,40.98608841400005,0 -105.056061713,40.98598221700007,0 -105.055950205,40.98584416100005,0 -105.055881178,40.98572203500004,0 -105.055628263,40.98566678600002,0 -105.055211183,40.98524022800007,0 -105.055146365,40.98508466600003,0 -105.055107474,40.98483835900004,0 -105.05475549,40.98470254300003,0 -105.0546439829999,40.98456448700006,0 -105.054628053,40.98452200800006,0 -105.054564335,40.98445829000008,0 -105.054505927,40.98436271300005,0 -105.054516547,40.98427244500004,0 -105.054548406,40.98420341700006,0 -105.054585575,40.98401226300007,0 -105.0545961939999,40.98396978400007,0 -105.054649293,40.98387951600006,0 -105.054659913,40.98372022100006,0 -105.0548032789999,40.98365650300008,0 -105.054983813,40.98356092500006,0 -105.055052841,40.98345472800003,0 -105.0552439959999,40.98322640500004,0 -105.055339573,40.98329543300008,0 -105.055366122,40.98340163000006,0 -105.055440461,40.98358747500004,0 -105.0555254179999,40.98373084100007,0 -105.055631616,40.98393261500007,0 -105.055859939,40.98418217800003,0 -105.056013924,40.98437864200002,0 -105.05618915,40.98449545900007,0 -105.056401544,40.98464413500005,0 -105.056582078,40.98475564200004,0 -105.056762613,40.98487776800005,0 -105.056863501,40.98495741600004,0 -105.05693253,40.98503175400003,0 -105.0570918239999,40.98509547200007,0 -105.057160852,40.98506892300003,0 -105.0571905479999,40.98505356300006,0 -105.057199842,40.98502568100002,0 -105.057216126,40.98497683200003,0 -105.057229072,40.98483895800007,0 -105.057064299,40.98473529200004,0 -105.056877969,40.98454896100003,0 -105.056767551,40.98445234600007,0 -105.056726145,40.98416939900005,0 -105.0566238219999,40.98387768500004,0 -105.056491506,40.98372772700003,0 -105.056258456,40.98370058300003,0 -105.055953218,40.98370702300008,0 -105.055718578,40.98354139600008,0 -105.0556840739999,40.98331365900003,0 -105.055902568,40.98328318300003,0 -105.056229263,40.98333436200005,0 -105.0560084269999,40.98309972400006,0 -105.0558358979999,40.98295480000007,0 -105.055677173,40.98280297500003,0 -105.055333248,40.98261546100008,0 -105.055263285,40.98257666200004,0 -105.055049169,40.98245791800008,0 -105.054724816,40.98247172100002,0 -105.05464089,40.98249754400007,0 -105.054041604,40.98244411600007,0 -105.053724152,40.98240961000005,0 -105.0535861289999,40.98247862200003,0 -105.053579228,40.98261664400007,0 -105.053640592,40.98266127100004,0 -105.053802343,40.98265595900006,0 -105.053971374,40.98266290800007,0 -105.054176489,40.98271286100004,0 -105.054312623,40.98282089600008,0 -105.054314661,40.98298224000007,0</coordinates></LinearRing></outerBoundaryIs>
        </Polygon>
      </MultiGeometry>
    </Placemark>
  </Folder>
</Document>
</kml>